Category,Link
Home Automation,https://www.shophive.com/smart-home
Apple,https://www.shophive.com/apple
Mobile & Tablets,https://www.shophive.com/prices
Laptops & Computers,https://www.shophive.com/laptops-computers
TV & Audio,https://www.shophive.com/tv-audio
Appliances,https://www.shophive.com/home-kitchen
Cameras,https://www.shophive.com/cameras
Printer & Scanners,https://www.shophive.com/printers-scanners
Networking & Storage,https://www.shophive.com/networking-storage
Video Games,https://www.shophive.com/video-games
Office Products,https://www.shophive.com/office-products
Supplements,https://www.shophive.com/health-fitness-personal-care-beauty
Fashion,https://www.shophive.com/fashion
More,https://www.shophive.com/more
Used,https://www.shophive.com/used
