,Category,Link
0,3D Printers,https://www.ishopping.pk/office-media/electronic-office-equipment/3d-printers.html
1,4K Smart LED TV,https://www.ishopping.pk/electronics/tv-s-and-entertainment/4k-smart-led-tv.html
2,A3 Paper,https://www.ishopping.pk/office-media/office-paper/a3-paper.html
3,A4 Paper,https://www.ishopping.pk/office-media/office-paper/a4-paper.html
4,Accessories,https://www.ishopping.pk/electronics/home-theater-system/accessories.html
5,Accessories,https://www.ishopping.pk/electronics/tv-s-and-entertainment/accessories.html
6,Accessories,https://www.ishopping.pk/health-beauty/makeup/accessories.html
7,Accessories,https://www.ishopping.pk/electronics/laptops-computers/accessories.html
8,Accurist,https://www.ishopping.pk/women-s-store/women-s-watches/accurist.html
9,Accurist,https://www.ishopping.pk/mens-store/men-s-watches/accurist.html
10,Action Figures & Collectibles,https://www.ishopping.pk/kids-store/kids-toys/action-figures-collectibles.html
11,Activity Trackers,https://www.ishopping.pk/electronics/wearable-gadgets/activity-trackers.html
12,Activity Sensor,https://www.ishopping.pk/health-beauty/health-care/activity-sensor.html
13,Adult Diaper,https://www.ishopping.pk/health-beauty/health-care/adult-diaper.html
14,Air Conditioners,https://www.ishopping.pk/home-and-living/home-appliances/air-conditioners.html
15,Al Fajr,https://www.ishopping.pk/mens-store/men-s-watches/al-fajr.html
16,Amplifiers & Receiver,https://www.ishopping.pk/electronics/home-theater-system/amplifiers-receiver.html
17,Anklets,https://www.ishopping.pk/women-s-store/women-s-jewellery/anklets.html
18,Antenna,https://www.ishopping.pk/office-media/networking/antenna.html
19,Ariel Imaging and Drone Cameras,https://www.ishopping.pk/electronics/cameras-camcorders/quad-copters.html
20,Armani Exchange,https://www.ishopping.pk/women-s-store/women-s-watches/armani-exchange.html
21,Armani Exchange,https://www.ishopping.pk/mens-store/men-s-watches/armani-exchange.html
22,Art Supplies,https://www.ishopping.pk/books/stationery-crafts/art-supplies.html
23,Artificial Flowers & Plants,https://www.ishopping.pk/home-and-living/home-decor/artificial-flowers-plants.html
24,Arts & Crafts for Kids,https://www.ishopping.pk/kids-store/kids-toys/arts-crafts-for-kids.html
25,Audemars Piguet,https://www.ishopping.pk/mens-store/men-s-watches/audemars-piguet.html
26,Audio Conferencing Systems,https://www.ishopping.pk/office-media/pro-audio/audio-conferencing-systems.html
27,August,https://www.ishopping.pk/mens-store/men-s-watches/august.html
28,Automotive & Cars,https://www.ishopping.pk/more-stores/automotive-motorcycles/automotive-cars.html
29,Automotive & Motorcycles,https://www.ishopping.pk/more-stores/automotive-motorcycles.html
30,Axcent,https://www.ishopping.pk/mens-store/men-s-watches/axcent.html
31,Babies Wear,https://www.ishopping.pk/kids-store/babies-wear.html
32,Baby & Toddler,https://www.ishopping.pk/kids-store/kids-toys/baby-toddler.html
33,Baby & Toddler Food,https://www.ishopping.pk/more-stores/grocer-s-shop/baby-toddler-food.html
34,Baby Bags,https://www.ishopping.pk/kids-store/baby-care/baby-bags.html
35,Baby Boy Clothing,https://www.ishopping.pk/kids-store/babies-wear/baby-boy-clothing.html
36,Baby Care,https://www.ishopping.pk/kids-store/baby-care.html
37,Baby Care,https://www.ishopping.pk/azadi-bazaar/kid-s-store/baby-care.html
38,Baby Girl Clothing,https://www.ishopping.pk/kids-store/babies-wear/baby-girl-clothing.html
39,Baby Personal Care,https://www.ishopping.pk/kids-store/baby-care/baby-personal-care.html
40,Backpacks,https://www.ishopping.pk/mens-store/men-s-accessories/backpacks.html
41,Bags,https://www.ishopping.pk/kids-store/kids-and-baby-accessories/bags.html
42,Bags,https://www.ishopping.pk/mens-store/men-s-accessories/bags.html
43,Bags,https://www.ishopping.pk/women-s-store/women-s-accessories/bags.html
44,Bakeware ,https://www.ishopping.pk/home-and-living/kitchen-dining/bakeware.html
45,Bath,https://www.ishopping.pk/home-and-living/bath.html
46,Bath,https://www.ishopping.pk/azadi-bazaar/home-and-kitchen-appliances/bath.html
47,Bathroom Accessories,https://www.ishopping.pk/home-and-living/bath/bathroom-accessories.html
48,Bathroom Fixtures ,https://www.ishopping.pk/more-stores/tools-home-improvement/bathroom-fixtures.html
49,Bathroom Scales,https://www.ishopping.pk/more-stores/weighing-scale/bathroom-scales.html
50,Batteries,https://www.ishopping.pk/home-and-living/ups-and-battery/batteries.html
51,Battery Chargers,https://www.ishopping.pk/home-and-living/ups-and-battery/battery-chargers.html
52,Bed Linen,https://www.ishopping.pk/home-and-living/bedding/bed-linen.html
53,Bedding,https://www.ishopping.pk/kids-store/baby-care/bedding.html
54,Bedding,https://www.ishopping.pk/home-and-living/bedding.html
55,Bedding Accessories,https://www.ishopping.pk/home-and-living/bedding/bedding-accessories.html
56,Bedroom Furniture,https://www.ishopping.pk/home-and-living/furniture/bedroom-furniture.html
57,Belts,https://www.ishopping.pk/women-s-store/women-s-accessories/belts.html
58,Belts ,https://www.ishopping.pk/mens-store/men-s-accessories/belts.html
59,Benyar,https://www.ishopping.pk/mens-store/men-s-watches/benyar.html
60,Besmed,https://www.ishopping.pk/more-stores/heating-blankets-pads/besmed.html
61,Beurer,https://www.ishopping.pk/more-stores/foot-warmer/beurer.html
62,Beurer,https://www.ishopping.pk/more-stores/heating-blankets-pads/beurer-heating-blankets.html
63,Black Oak,https://www.ishopping.pk/mens-store/men-s-watches/black-oak.html
64,Blankets & Quilts,https://www.ishopping.pk/home-and-living/bedding/blankets-quilt.html
65,Blenders & Mixers,https://www.ishopping.pk/home-and-living/kitchen-appliances/blenders.html
66,Blocks & Building Toys,https://www.ishopping.pk/kids-store/kids-toys/blocks-building-toys.html
67,Blood Glucose Monitors,https://www.ishopping.pk/health-beauty/health-care/blood-glucose-monitors.html
68,Body Analyzer,https://www.ishopping.pk/more-stores/weighing-scale/body-analyzer.html
69,Body Care,https://www.ishopping.pk/health-beauty/personal-care/body-care.html
70,Body Care,https://www.ishopping.pk/health-beauty/personal-care-53/body-care.html
71,Body Piercings,https://www.ishopping.pk/women-s-store/women-s-jewellery/body-piercings.html
72,Boilers & Purifiers,https://www.ishopping.pk/home-and-living/kitchen-appliances/boilers-purifiers.html
73,Books & Megazines,https://www.ishopping.pk/books/books-megazines.html
74,Books & Stationery,https://www.ishopping.pk/books.html
75,Boots,https://www.ishopping.pk/women-s-store/women-shoes/boots.html
76,Boots,https://www.ishopping.pk/mens-store/men-s-footwear/boots.html
77,Boy's Clothing,https://www.ishopping.pk/kids-store/boys-fashion-clothing/boys-clothing.html
78,Boy's Fashion,https://www.ishopping.pk/kids-store/boys-fashion-clothing.html
79,Boys Fashion,https://www.ishopping.pk/azadi-bazaar/kid-s-store/boys-fashion.html
80,BP Monitors,https://www.ishopping.pk/health-beauty/health-care/bp-monitor.html
81,Breitling,https://www.ishopping.pk/mens-store/men-s-watches/breitling.html
82,Brooch,https://www.ishopping.pk/women-s-store/women-s-accessories/brooch.html
83,Brooms Floor Brushes & Dustpans,https://www.ishopping.pk/home-and-living/household-supplies/brooms-floor-brushes-dustpans.html
84,Brush Sets,https://www.ishopping.pk/health-beauty/makeup/brush-sets.html
85,Burberry,https://www.ishopping.pk/women-s-store/women-s-watches/burberry.html
86,Cadisen ,https://www.ishopping.pk/mens-store/men-s-watches/cadisen.html
87,Cameras,https://www.ishopping.pk/azadi-bazaar/cameras-and-media-players/cameras.html
88,Cameras & Camcorders,https://www.ishopping.pk/electronics/cameras-camcorders.html
89,Cameras & Camcorders,https://www.ishopping.pk/clearance-sale-in-pakistan/cameras-camcorders.html
90,Cameras and Media Players,https://www.ishopping.pk/azadi-bazaar/cameras-and-media-players.html
91,Candles & Candle Holder,https://www.ishopping.pk/home-and-living/home-decor/candles-candle-holder.html
92,Canned & Packaged Foods,https://www.ishopping.pk/more-stores/grocer-s-shop/canned-packaged-foods.html
93,Car Charger,https://www.ishopping.pk/more-stores/travel-accessories/car-charger.html
94,Car Fans,https://www.ishopping.pk/more-stores/travel-accessories/car-fans.html
95,Cardio Training Equipment,https://www.ishopping.pk/more-stores/sports/cardio-training-equipment.html
96,Carmen,https://www.ishopping.pk/more-stores/foot-warmer/carmen.html
97,Carpets & Rugs,https://www.ishopping.pk/home-and-living/home-decor/carpets-rugs.html
98,Cartier,https://www.ishopping.pk/mens-store/men-s-watches/cartier.html
99,Cartier,https://www.ishopping.pk/women-s-store/women-s-watches/cartier.html
100,Casio,https://www.ishopping.pk/mens-store/men-s-watches/casio.html
101,Casio,https://www.ishopping.pk/women-s-store/women-s-watches/casio.html
102,Casual Shoes,https://www.ishopping.pk/mens-store/men-s-footwear/casual-shoes.html
103,Cate & Nelson,https://www.ishopping.pk/mens-store/men-s-watches/cate-nelson.html
104,Certeza,https://www.ishopping.pk/more-stores/heating-blankets-pads/certeza.html
105,Certina,https://www.ishopping.pk/mens-store/men-s-watches/certina.html
106,Champion,https://www.ishopping.pk/mens-store/men-s-watches/champion.html
107,Charms,https://www.ishopping.pk/women-s-store/women-s-jewellery/charms.html
108,Children’s Books,https://www.ishopping.pk/books/books-megazines/children-s-books.html
109,Chocolates & Desserts,https://www.ishopping.pk/more-stores/grocer-s-shop/chocolates-desserts.html
110,Choppers,https://www.ishopping.pk/home-and-living/kitchen-appliances/choppers.html
111,Christian Pual,https://www.ishopping.pk/mens-store/men-s-watches/christian-pual.html
112,Christian Pual,https://www.ishopping.pk/women-s-store/women-s-watches/christian-pual.html
113,Citizen,https://www.ishopping.pk/mens-store/men-s-watches/citizen-in-pakistan.html
114,Citizen,https://www.ishopping.pk/women-s-store/women-s-watches/citizen.html
115,Clearance Sale,https://www.ishopping.pk/clearance-sale-in-pakistan.html
116,Clocks ,https://www.ishopping.pk/home-and-living/home-decor/clocks.html
117,Coach,https://www.ishopping.pk/women-s-store/women-s-watches/coach.html
118,Coach,https://www.ishopping.pk/mens-store/men-s-watches/coach.html
119,Coat Racks & Umbrella Stands,https://www.ishopping.pk/home-and-living/home-storage-supplies/coat-racks-umbrella-stands.html
120,Coffee Tea & Espresso,https://www.ishopping.pk/home-and-living/kitchen-appliances/coffee-tea-and-espresso.html
121,Concealer,https://www.ishopping.pk/health-beauty/makeup/concealer.html
122,Console Accessories,https://www.ishopping.pk/electronics/video-games-consoles/consoles-accessories.html
123,Consoles By Brands,https://www.ishopping.pk/electronics/video-games-consoles/consoles-by-brands.html
124,Consumer Camcorders,https://www.ishopping.pk/electronics/cameras-camcorders/camcorders.html
125,Cooking Appliances,https://www.ishopping.pk/clearance-sale-in-pakistan/home-living/cooking-appliances.html
126,Cooking Essentials,https://www.ishopping.pk/more-stores/grocer-s-shop/cooking-essentials.html
127,Cookware ,https://www.ishopping.pk/home-and-living/kitchen-dining/cookware.html
128,Cordless,https://www.ishopping.pk/homepage/cordless.html
129,Covers & Cases,https://www.ishopping.pk/more-stores/lifestyle-accessories/covers-cases.html
130,Crown Micro,https://www.ishopping.pk/home-and-living/inverter/crown-micro.html
131,Curren,https://www.ishopping.pk/mens-store/men-s-watches/curren.html
132,"Curtains, Blinds & Shades",https://www.ishopping.pk/home-and-living/home-decor/curtains-blinds-shades.html
133,Curved LED TV,https://www.ishopping.pk/electronics/tv-s-and-entertainment/curved-led.html
134,Daniel Klein,https://www.ishopping.pk/women-s-store/women-s-watches/daniel-klein.html
135,Daniel Klein,https://www.ishopping.pk/mens-store/men-s-watches/daniel-klein.html
136,Daniel Wellington,https://www.ishopping.pk/mens-store/men-s-watches/daniel-wellington.html
137,Daniel Wellington,https://www.ishopping.pk/women-s-store/women-s-watches/denil-wellington.html
138,Dany,https://www.ishopping.pk/mens-store/men-s-watches/dany.html
139,Deal Of The Week ,https://www.ishopping.pk/discounts-zone/deal-of-the-week.html
140,Decorative Cushion Inserts & Covers,https://www.ishopping.pk/home-and-living/home-decor/decorative-cushion-inserts-covers.html
141,Decorative Wall & Ceiling Lights,https://www.ishopping.pk/home-and-living/lighting/decorative-wall-ceiling-lights.html
142,Deer Fun,https://www.ishopping.pk/mens-store/men-s-watches/deer-fun.html
143,Designer's Wear Un-Stitched,https://www.ishopping.pk/women-s-store/women-s-clothing/designer-wear-un-stitched.html
144,Desktops & Workstations,https://www.ishopping.pk/electronics/laptops-computers/desktop.html
145,Diagnostic Scale,https://www.ishopping.pk/more-stores/weighing-scale/diagnostic-scale.html
146,Diapers and Wipes,https://www.ishopping.pk/kids-store/baby-care/diapers-and-wipes.html
147,Diesel ,https://www.ishopping.pk/mens-store/men-s-watches/diesel.html
148,Diesel,https://www.ishopping.pk/women-s-store/women-s-watches/diesel.html
149,Digital Cameras,https://www.ishopping.pk/electronics/cameras-camcorders/digital-cameras.html
150,Digital Paper,https://www.ishopping.pk/office-media/electronic-office-equipment/digital-paper.html
151,Dishwashers,https://www.ishopping.pk/home-and-living/kitchen-appliances/dish-washers.html
152,Dishwashing & Bottle Brushes,https://www.ishopping.pk/home-and-living/household-supplies/dishwashing-bottle-brushes.html
153,DKNY,https://www.ishopping.pk/women-s-store/women-s-watches/dkny.html
154,Dolls & Accessories,https://www.ishopping.pk/kids-store/kids-toys/dolls-accessories.html
155,Door Bell,https://www.ishopping.pk/more-stores/tools-home-improvement/door-bell.html
156,DVD Players,https://www.ishopping.pk/electronics/home-theater-system/dvd-players.html
157,EcoStar,https://www.ishopping.pk/home-and-living/inverter/ecostar.html
158,Electric Cookers,https://www.ishopping.pk/home-and-living/kitchen-appliances/cooker.html
159,Electric Kettles,https://www.ishopping.pk/home-and-living/kitchen-appliances/electric-kettles.html
160,Electrical Extension Boards & Cables,https://www.ishopping.pk/more-stores/tools-home-improvement/electrical-extension-board-cables.html
161,Electronic Office Equipment,https://www.ishopping.pk/office-media/electronic-office-equipment.html
162,Electronics,https://www.ishopping.pk/electronics.html
163,Emporio Armani,https://www.ishopping.pk/women-s-store/women-s-watches/emporio-armani.html
164,Emporio Armani,https://www.ishopping.pk/mens-store/men-s-watches/emporio-armani.html
165,Empress,https://www.ishopping.pk/women-s-store/women-s-watches/empress.html
166,English Books,https://www.ishopping.pk/books/books-megazines/english-books.html
167,Enviro,https://www.ishopping.pk/home-and-living/inverter/enviro.html
168,Exercise & Fitness,https://www.ishopping.pk/more-stores/sports/exercise-fitness.html
169,External Drives,https://www.ishopping.pk/office-media/memory-storage/external-drives.html
170,Eyes,https://www.ishopping.pk/health-beauty/makeup/eyes.html
171,Eyewear,https://www.ishopping.pk/women-s-store/women-s-accessories/eyewear.html
172,EyeWear,https://www.ishopping.pk/mens-store/men-s-accessories/eyewear.html
173,Face,https://www.ishopping.pk/health-beauty/makeup/face.html
174,Feeding,https://www.ishopping.pk/kids-store/baby-care/feeding.html
175,Fidget Spinners,https://www.ishopping.pk/kids-store/kids-toys/fidget-spinners.html
176,Fingerprint Attendance,https://www.ishopping.pk/office-media/office-equipment/fingerprint-attendance.html
177,Firewall & Security Devices,https://www.ishopping.pk/office-media/networking/firewall-security-devices.html
178,Flash Drives,https://www.ishopping.pk/office-media/memory-storage/flash-drives.html
179,Flats & Sandals,https://www.ishopping.pk/women-s-store/women-shoes/flats-sandals.html
180,Fly Swatters,https://www.ishopping.pk/home-and-living/household-supplies/fly-swatters.html
181,Folding Bags,https://www.ishopping.pk/more-stores/travel-accessories/folding-bags.html
182,Food Factories,https://www.ishopping.pk/home-and-living/kitchen-appliances/food-processors.html
183,Food Steamers,https://www.ishopping.pk/home-and-living/kitchen-appliances/food-steamers.html
184,Foot Warmer,https://www.ishopping.pk/azadi-bazaar/more-store/foot-warmer.html
185,Foot Warmer,https://www.ishopping.pk/more-stores/foot-warmer.html
186,Formal Shoes,https://www.ishopping.pk/mens-store/men-s-footwear/formal-shoes.html
187,Forsining,https://www.ishopping.pk/mens-store/men-s-watches/forsining.html
188,Fossil,https://www.ishopping.pk/mens-store/men-s-watches/fossil-in-pakistan.html
189,Fossil,https://www.ishopping.pk/women-s-store/women-s-watches/fossil-in-pakistan.html
190,Foundation,https://www.ishopping.pk/health-beauty/makeup/foundation.html
191,Freezers,https://www.ishopping.pk/home-and-living/home-appliances/freezers.html
192,French Connection,https://www.ishopping.pk/women-s-store/women-s-watches/french-connection.html
193,Frozen Desserts,https://www.ishopping.pk/more-stores/grocer-s-shop/frozen-desserts.html
194,Fryers,https://www.ishopping.pk/home-and-living/kitchen-appliances/fryers.html
195,Furniture,https://www.ishopping.pk/home-and-living/furniture.html
196,Gaming and Accessories,https://www.ishopping.pk/azadi-bazaar/gaming-and-accessories.html
197,Gardening & Hose Pipes,https://www.ishopping.pk/home-and-living/lawn-garden/gardening-hose-pipes.html
198,Gears,https://www.ishopping.pk/kids-store/baby-care/gears.html
199,Generators,https://www.ishopping.pk/home-and-living/home-appliances/generators.html
200,Geysers,https://www.ishopping.pk/home-and-living/home-appliances/geysers.html
201,Gift Cards & Tags,https://www.ishopping.pk/books/stationery-crafts/gift-cards-tags.html
202,Gifts ,https://www.ishopping.pk/more-stores/lifestyle-accessories/gifts.html
203,Girl's Fashion,https://www.ishopping.pk/kids-store/girls-fashion.html
204,Girls Clothing,https://www.ishopping.pk/kids-store/girls-fashion/girls-clothing.html
205,Girls Fashion,https://www.ishopping.pk/azadi-bazaar/kid-s-store/girls-fashion.html
206,Girls' Accessories,https://www.ishopping.pk/kids-store/girls-fashion/girls-accessories.html
207,Glass Bathroom Scales,https://www.ishopping.pk/more-stores/weighing-scale/glass-bathroom-scales.html
208,Gloves,https://www.ishopping.pk/women-s-store/women-s-accessories/gloves.html
209,Gloves,https://www.ishopping.pk/mens-store/men-s-accessories/gloves.html
210,Gloves,https://www.ishopping.pk/kids-store/kids-and-baby-accessories/gloves.html
211,Glucose Monitor Pins,https://www.ishopping.pk/health-beauty/health-care/glucose-monitor-pins.html
212,Glucose Strips,https://www.ishopping.pk/health-beauty/health-care/glucose-strips.html
213,Go Girl Only,https://www.ishopping.pk/women-s-store/women-s-watches/go-girl-only.html
214,Graphics Tablet,https://www.ishopping.pk/office-media/electronic-office-equipment/graphics-tablet.html
215,Grilling & BBQ Utensils,https://www.ishopping.pk/home-and-living/kitchen-dining/grilling-bbq-utensils.html
216,Grills,https://www.ishopping.pk/home-and-living/kitchen-appliances/grills.html
217,Grocer's Shop,https://www.ishopping.pk/more-stores/grocer-s-shop.html
218,Grocery Shopping,https://www.ishopping.pk/kids-store/kids-toys/grocery-shopping.html
219,Guess,https://www.ishopping.pk/mens-store/men-s-watches/guess.html
220,Guess,https://www.ishopping.pk/women-s-store/women-s-watches/guess.html
221,Guitars,https://www.ishopping.pk/more-stores/musical-instruments/guitars.html
222,Hair Care,https://www.ishopping.pk/health-beauty/personal-care-53/hair-care.html
223,Hair Care,https://www.ishopping.pk/health-beauty/personal-care/hair-care.html
224,Hair Clips & Bands,https://www.ishopping.pk/women-s-store/women-s-accessories/hair-clips-bands.html
225,Hammers,https://www.ishopping.pk/more-stores/tools-home-improvement/hammers.html
226,Hand And Foot Care,https://www.ishopping.pk/health-beauty/personal-care-53/hand-and-foot-care.html
227,Hand And Foot Care,https://www.ishopping.pk/health-beauty/personal-care/hand-and-foot-care.html
228,Hand Tools & Repairs,https://www.ishopping.pk/more-stores/tools-home-improvement/hand-tools-repairs.html
229,Hard Drive Arrays,https://www.ishopping.pk/office-media/memory-storage/hard-drive-arrays.html
230,Hats & Caps,https://www.ishopping.pk/women-s-store/women-s-accessories/hats-caps.html
231,Hats & Caps,https://www.ishopping.pk/mens-store/men-s-accessories/hats-caps.html
232,Hats And Caps,https://www.ishopping.pk/kids-store/kids-and-baby-accessories/hats-and-caps.html
233,HeadBand,https://www.ishopping.pk/electronics/wearable-gadgets/headband.html
234,Headphone Amplifier,https://www.ishopping.pk/office-media/pro-audio/headphone-amplifier.html
235,Headsets,https://www.ishopping.pk/electronics/wearable-gadgets/headsets.html
236,Health & Beauty,https://www.ishopping.pk/health-beauty.html
237,Health & Safety,https://www.ishopping.pk/kids-store/baby-care/health-safety.html
238,Health Care,https://www.ishopping.pk/azadi-bazaar/more-store/health-care.html
239,Health Care,https://www.ishopping.pk/health-beauty/health-care.html
240,Hearing Aids,https://www.ishopping.pk/health-beauty/health-care/hearing-aids.html
241,Heart Rate Monitors,https://www.ishopping.pk/health-beauty/health-care/heart-rate-monitors.html
242,Heater,https://www.ishopping.pk/home-and-living/home-appliances/heater.html
243,Heaters,https://www.ishopping.pk/clearance-sale-in-pakistan/home-living/heaters.html
244,Heating Blankets & Pads,https://www.ishopping.pk/more-stores/heating-blankets-pads.html
245,Heating Blankets & Pads,https://www.ishopping.pk/azadi-bazaar/more-store/heating-blankets-pads.html
246,Heels,https://www.ishopping.pk/women-s-store/women-shoes/heels.html
247,Highlighters & Contour,https://www.ishopping.pk/health-beauty/makeup/highlighters.html
248,Hobs & Chimneys,https://www.ishopping.pk/home-and-living/kitchen-appliances/hobs.html
249,Homage ,https://www.ishopping.pk/home-and-living/inverter/homage.html
250,Home & Living,https://www.ishopping.pk/home-and-living.html
251,Home & Living,https://www.ishopping.pk/clearance-sale-in-pakistan/home-living.html
252,Home and Living,https://www.ishopping.pk/azadi-bazaar/home-and-kitchen-appliances.html
253,Home Appliances,https://www.ishopping.pk/home-and-living/home-appliances.html
254,Home Appliances,https://www.ishopping.pk/azadi-bazaar/home-and-kitchen-appliances/home-appliances.html
255,Home Audio,https://www.ishopping.pk/electronics/home-theater-system/home-audio.html
256,Home Decor,https://www.ishopping.pk/home-and-living/home-decor.html
257,Home Security & Surveillance,https://www.ishopping.pk/more-stores/tools-home-improvement/home-security.html
258,Home Storage Supplies,https://www.ishopping.pk/home-and-living/home-storage-supplies.html
259,Home Theater System,https://www.ishopping.pk/electronics/home-theater-system.html
260,Home Theaters,https://www.ishopping.pk/electronics/home-theater-system/home-theaters.html
261,Household Fans,https://www.ishopping.pk/home-and-living/home-appliances/household-fans.html
262,Household Supplies,https://www.ishopping.pk/home-and-living/household-supplies.html
263,Hublot,https://www.ishopping.pk/mens-store/men-s-watches/hublot.html
264,Hyundai,https://www.ishopping.pk/home-and-living/inverter/hyundai.html
265,Indoor Sports,https://www.ishopping.pk/more-stores/sports/in-door-sports.html
266,Infrared Lamp,https://www.ishopping.pk/health-beauty/health-care/infrared-lamp.html
267,Innerwear & Sleepwear,https://www.ishopping.pk/mens-store/men-s-clothing/innerwear-sleepwear.html
268,Insect Killer,https://www.ishopping.pk/home-and-living/home-appliances/insect-killer.html
269,Instrument & Bass Accessories,https://www.ishopping.pk/more-stores/musical-instruments/instrument-bass-accessories.html
270,Internal Hard Drives,https://www.ishopping.pk/office-media/memory-storage/internal-hard-drives.html
271,Intex,https://www.ishopping.pk/home-and-living/inverter/intex.html
272,Inverex,https://www.ishopping.pk/home-and-living/inverter/inverex.html
273,Inverter,https://www.ishopping.pk/home-and-living/inverter.html
274,Invicta,https://www.ishopping.pk/mens-store/men-s-watches/invicta.html
275,Invicta,https://www.ishopping.pk/women-s-store/women-s-watches/invicta.html
276,Irons & Steamers,https://www.ishopping.pk/home-and-living/home-appliances/irons-steamers.html
277,Ivy N Rox,https://www.ishopping.pk/women-s-store/women-s-watches/ivy-n-rox.html
278,IWC,https://www.ishopping.pk/mens-store/men-s-watches/iwc.html
279,Jack Will,https://www.ishopping.pk/women-s-store/women-s-watches/jack-will.html
280,Jack Will,https://www.ishopping.pk/mens-store/men-s-watches/jack-will.html
281,Jean Paul Gaultier,https://www.ishopping.pk/women-s-store/women-s-watches/jean-paul-gaultier.html
282,Jean Paul Gaultier,https://www.ishopping.pk/mens-store/men-s-watches/jean-paul-gaultier.html
283,Jewellry Box,https://www.ishopping.pk/women-s-store/women-s-jewellery/jewellry-box.html
284,Juicers,https://www.ishopping.pk/home-and-living/kitchen-appliances/juicers.html
285,Kate Spade,https://www.ishopping.pk/women-s-store/women-s-watches/kate-spade.html
286,Kenneth Cole ,https://www.ishopping.pk/mens-store/men-s-watches/kenneth-cole-him.html
287,Kenneth Cole,https://www.ishopping.pk/women-s-store/women-s-watches/kenneth-cole.html
288,Khusa & Kolapuri,https://www.ishopping.pk/mens-store/men-s-footwear/khusa-kolapuri.html
289,Kid's & Baby Accessories,https://www.ishopping.pk/kids-store/kids-and-baby-accessories.html
290,Kid's Store,https://www.ishopping.pk/azadi-bazaar/kid-s-store.html
291,Kids Footwear,https://www.ishopping.pk/kids-store/kids-footwear.html
292,Kids Store,https://www.ishopping.pk/kids-store.html
293,Kids Toys,https://www.ishopping.pk/kids-store/kids-toys.html
294,Kitchen & Dining,https://www.ishopping.pk/azadi-bazaar/home-and-kitchen-appliances/kitchen-dining.html
295,Kitchen & Dining,https://www.ishopping.pk/home-and-living/kitchen-dining.html
296,Kitchen & Dining Furniture,https://www.ishopping.pk/home-and-living/furniture/kitchen-dining-furniture.html
297,Kitchen Accessories,https://www.ishopping.pk/home-and-living/kitchen-accessories.html
298,Kitchen Appliances,https://www.ishopping.pk/azadi-bazaar/home-and-kitchen-appliances/kitchen-appliances.html
299,Kitchen Appliances,https://www.ishopping.pk/home-and-living/kitchen-appliances.html
300,Kitchen Chef Machines,https://www.ishopping.pk/home-and-living/kitchen-appliances/chef-machines.html
301,Kitchen Scales,https://www.ishopping.pk/more-stores/weighing-scale/kitchen-scales.html
302,Kitchen Sink,https://www.ishopping.pk/home-and-living/kitchen-accessories/kitchen-sink.html
303,Kitchen Storage,https://www.ishopping.pk/home-and-living/kitchen-dining/kitchen-storage.html
304,Kitchen Tap,https://www.ishopping.pk/home-and-living/kitchen-accessories/kitchen-tap.html
305,Kitchen Tools & Accessories ,https://www.ishopping.pk/home-and-living/kitchen-dining/kitchen-tools-accessories.html
306,Kitchen Toys,https://www.ishopping.pk/kids-store/kids-toys/kitchen-toys.html
307,Laica,https://www.ishopping.pk/more-stores/heating-blankets-pads/laica.html
308,Lamps & Shades,https://www.ishopping.pk/home-and-living/lighting/lamps-shades.html
309,Laptop,https://www.ishopping.pk/electronics/laptops-computers/laptop.html
310,Laptops,https://www.ishopping.pk/azadi-bazaar/laptops-and-accessories/laptops.html
311,Laptops & Computers,https://www.ishopping.pk/electronics/laptops-computers.html
312,Laptops & Computers,https://www.ishopping.pk/clearance-sale-in-pakistan/laptops-computers.html
313,Laptops Accessories,https://www.ishopping.pk/azadi-bazaar/laptops-and-accessories/laptops-accessories.html
314,Laptops Accessories,https://www.ishopping.pk/clearance-sale-in-pakistan/laptops-accessories.html
315,Laptops and Accessories,https://www.ishopping.pk/azadi-bazaar/laptops-and-accessories.html
316,Large Appliances,https://www.ishopping.pk/clearance-sale-in-pakistan/home-living/large-appliances.html
317,Lars Larsen,https://www.ishopping.pk/mens-store/men-s-watches/lars-larsen.html
318,Laundry & Home Care,https://www.ishopping.pk/more-stores/grocer-s-shop/laundry-home-care.html
319,Laundry Brushes & Lint Removers,https://www.ishopping.pk/home-and-living/home-storage-supplies/laundry-brushes-lint-removers.html
320,Lawn & Garden,https://www.ishopping.pk/home-and-living/lawn-garden.html
321,Lawn & Plant Care,https://www.ishopping.pk/home-and-living/lawn-garden/lawn-plant-care.html
322,Learning & Education,https://www.ishopping.pk/kids-store/kids-toys/learning-education.html
323,LED TV,https://www.ishopping.pk/azadi-bazaar/led-tv.html
324,LED TV,https://www.ishopping.pk/electronics/tv-s-and-entertainment/led-tv.html
325,Lee Cooper,https://www.ishopping.pk/mens-store/men-s-watches/lee-cooper.html
326,Lee Cooper,https://www.ishopping.pk/women-s-store/women-s-watches/lee-cooper.html
327,Legal,https://www.ishopping.pk/office-media/office-paper/legal.html
328,Leliple Pins,https://www.ishopping.pk/mens-store/men-s-accessories/leliple-pins.html
329,Lifestyle Accessories,https://www.ishopping.pk/more-stores/lifestyle-accessories.html
330,Lige,https://www.ishopping.pk/mens-store/men-s-watches/lige.html
331,Lightening and Studio,https://www.ishopping.pk/electronics/cameras-camcorders/lighting.html
332,Lighting,https://www.ishopping.pk/azadi-bazaar/home-and-kitchen-appliances/lighting.html
333,Lighting,https://www.ishopping.pk/home-and-living/lighting.html
334,Lighting Bulbs & Lights,https://www.ishopping.pk/home-and-living/lighting/lighting-bulbs-lights.html
335,Lingerie & Sleepwear,https://www.ishopping.pk/women-s-store/women-s-clothing/lingerie-sleepwear.html
336,Lips,https://www.ishopping.pk/health-beauty/makeup/lips.html
337,Living Room Furniture,https://www.ishopping.pk/home-and-living/furniture/living-room-furniture.html
338,Long Life,https://www.ishopping.pk/home-and-living/inverter/long-life.html
339,Luggage Scales,https://www.ishopping.pk/more-stores/weighing-scale/luggage-scales.html
340,Lunch Boxes,https://www.ishopping.pk/books/school-essentials/lunch-boxes.html
341,Makeup,https://www.ishopping.pk/health-beauty/makeup.html
342,Meat Mincers,https://www.ishopping.pk/home-and-living/kitchen-appliances/meat-mincers.html
343,Media Players,https://www.ishopping.pk/azadi-bazaar/cameras-and-media-players/media-players.html
344,Medical Equipment,https://www.ishopping.pk/health-beauty/health-care/medical-equipment.html
345,Medicine Cabinets,https://www.ishopping.pk/health-beauty/health-care/medicine-cabinets.html
346,Memory & Storage,https://www.ishopping.pk/office-media/memory-storage.html
347,Men's Accessories,https://www.ishopping.pk/mens-store/men-s-accessories.html
348,Men's Clothing,https://www.ishopping.pk/mens-store/men-s-clothing.html
349,Men's Footwear,https://www.ishopping.pk/mens-store/men-s-footwear.html
350,Men's Fragrances,https://www.ishopping.pk/health-beauty/perfumes-fragrances/men-s-fragrances.html
351,Men's Jewellers,https://www.ishopping.pk/mens-store/men-s-accessories/men-s-jewellers.html
352,Men's Personal Care,https://www.ishopping.pk/health-beauty/personal-care-53.html
353,Men's Store,https://www.ishopping.pk/mens-store.html
354,Men's Store,https://www.ishopping.pk/clearance-sale-in-pakistan/men-s-store.html
355,Men's Watches,https://www.ishopping.pk/mens-store/men-s-watches.html
356,Men`s & Women`s Store,https://www.ishopping.pk/azadi-bazaar/men-and-women-store.html
357,Men`s Store,https://www.ishopping.pk/azadi-bazaar/men-and-women-store/men-s-store.html
358,Mercury,https://www.ishopping.pk/mens-store/men-s-watches/mercury.html
359,Metal Detector,https://www.ishopping.pk/office-media/security-and-surveillance/metal-detector.html
360,Michael Kors,https://www.ishopping.pk/mens-store/men-s-watches/michael-kors.html
361,Michael Kors,https://www.ishopping.pk/women-s-store/women-s-watches/michael-kors.html
362,Microlife,https://www.ishopping.pk/more-stores/heating-blankets-pads/microlife.html
363,Microphones,https://www.ishopping.pk/office-media/pro-audio/microphones.html
364,Microwave Oven & Oven Toaster,https://www.ishopping.pk/clearance-sale-in-pakistan/home-living/microwave-oven-oven-toaster.html
365,Mirrors ,https://www.ishopping.pk/home-and-living/home-decor/mirrors.html
366,Misfit,https://www.ishopping.pk/mens-store/men-s-watches/misfit.html
367,Miss Fox,https://www.ishopping.pk/mens-store/men-s-watches/miss-fox.html
368,Mixers and DSP,https://www.ishopping.pk/office-media/pro-audio/mixers-and-dsp.html
369,Mobile ECG Device,https://www.ishopping.pk/health-beauty/health-care/mobile-ecg.html
370,Mobile Phone and Tablet PC Accessories,https://www.ishopping.pk/electronics/mobile-phones-tablet-pc/mobilephone-accessories-price-in-pakistan.html
371,Mobile Phones,https://www.ishopping.pk/electronics/mobile-phones-tablet-pc/mobile-phones-prices-in-pakistan.html
372,Mobile Phones,https://www.ishopping.pk/azadi-bazaar/mobile-phones-and-tablet-pcs/mobile-phones.html
373,Mobile Phones,https://www.ishopping.pk/clearance-sale-in-pakistan/mobile-phones.html
374,Mobile Phones & Tablet PC,https://www.ishopping.pk/electronics/mobile-phones-tablet-pc.html
375,Mobile Phones & Tablet PCs Accessories,https://www.ishopping.pk/clearance-sale-in-pakistan/mobile-phones-tablet-pcs-accessories.html
376,Mobile Phones and Tablet PCs,https://www.ishopping.pk/azadi-bazaar/mobile-phones-and-tablet-pcs.html
377,Mobile Phones and Tablet PCs Accessories,https://www.ishopping.pk/azadi-bazaar/mobile-phones-and-tablet-pcs/mobile-phones-and-tablet-pcs-accessories.html
378,Mobile Phones Cases,https://www.ishopping.pk/clearance-sale-in-pakistan/mobile-phones-cases.html
379,Mobile Theatre,https://www.ishopping.pk/electronics/wearable-gadgets/mobile-theatre.html
380,Monitor Systems,https://www.ishopping.pk/office-media/pro-audio/monitor-systems.html
381,Mops Refills & Mop Sets,https://www.ishopping.pk/home-and-living/household-supplies/mops-refills-mop-sets.html
382,More Store,https://www.ishopping.pk/azadi-bazaar/more-store.html
383,More Store,https://www.ishopping.pk/clearance-sale-in-pakistan/more-store.html
384,More Stores,https://www.ishopping.pk/more-stores.html
385,Morphic,https://www.ishopping.pk/mens-store/men-s-watches/morphic.html
386,Moschino,https://www.ishopping.pk/mens-store/men-s-watches/moschino.html
387,Moschino,https://www.ishopping.pk/women-s-store/women-s-watches/moschino.html
388,Motorcycles,https://www.ishopping.pk/more-stores/automotive-motorcycles/motorcycles.html
389,Mouth Wash,https://www.ishopping.pk/health-beauty/oral-care/mouth-wash.html
390,Movado,https://www.ishopping.pk/women-s-store/women-s-watches/movado-in-pakistan.html
391,Movado,https://www.ishopping.pk/mens-store/men-s-watches/movado-in-pakistan.html
392,Mowers,https://www.ishopping.pk/home-and-living/lawn-garden/mowers.html
393,Musical Instruments,https://www.ishopping.pk/more-stores/musical-instruments.html
394,Nails,https://www.ishopping.pk/health-beauty/makeup/nails.html
395,NAVIFORCE,https://www.ishopping.pk/mens-store/men-s-watches/naviforce.html
396,NaviForce,https://www.ishopping.pk/women-s-store/women-s-watches/naviforce.html
397,Nebulizer,https://www.ishopping.pk/health-beauty/health-care/nebulizer.html
398,Network Attached Storage (NAS),https://www.ishopping.pk/office-media/memory-storage/network-attached-storage-nas.html
399,Network Switches,https://www.ishopping.pk/office-media/networking/network-switches-price-in-pakistan.html
400,Networking,https://www.ishopping.pk/office-media/networking.html
401,Nine West,https://www.ishopping.pk/women-s-store/women-s-watches/nine-west.html
402,Nixon,https://www.ishopping.pk/mens-store/men-s-watches/nixon.html
403,Obaku,https://www.ishopping.pk/women-s-store/women-s-watches/obaku.html
404,Obaku,https://www.ishopping.pk/mens-store/men-s-watches/obaku.html
405,Office & Media,https://www.ishopping.pk/office-media.html
406,Office Equipment,https://www.ishopping.pk/office-media/office-equipment.html
407,Office Furniture,https://www.ishopping.pk/home-and-living/furniture/office-furniture.html
408,Office Paper,https://www.ishopping.pk/office-media/office-paper.html
409,Ohsen,https://www.ishopping.pk/mens-store/men-s-watches/ohsen.html
410,Omax,https://www.ishopping.pk/mens-store/men-s-watches/omax.html
411,Omega,https://www.ishopping.pk/mens-store/men-s-watches/omega.html
412,Omega,https://www.ishopping.pk/women-s-store/women-s-watches/omega.html
413,Optics & Outdoor,https://www.ishopping.pk/electronics/cameras-camcorders/optics-outdoor.html
414,Oral Care,https://www.ishopping.pk/health-beauty/oral-care.html
415,Oral Care Accessories,https://www.ishopping.pk/health-beauty/oral-care/oral-care-accessories.html
416,Orient,https://www.ishopping.pk/mens-store/men-s-watches/orient.html
417,Orrefors,https://www.ishopping.pk/mens-store/men-s-watches/orrefors.html
418,Other,https://www.ishopping.pk/kids-store/kids-and-baby-accessories/other.html
419,Other Accessories,https://www.ishopping.pk/more-stores/automotive-motorcycles/other-accessories.html
420,Other Accessories,https://www.ishopping.pk/mens-store/men-s-accessories/other-accessories.html
421,Other Home Decoration,https://www.ishopping.pk/home-and-living/home-decor/other-home-decoration.html
422,Other Toys,https://www.ishopping.pk/kids-store/kids-toys/other-toys.html
423,Others,https://www.ishopping.pk/health-beauty/personal-care/others.html
424,Others,https://www.ishopping.pk/health-beauty/personal-care-53/others.html
425,Others,https://www.ishopping.pk/home-and-living/kitchen-accessories/others.html
426,Others Accessories,https://www.ishopping.pk/more-stores/travel-accessories/others-accessories.html
427,Outdoor Decor,https://www.ishopping.pk/home-and-living/home-decor/outdoor-decor.html
428,Outdoor Furniture,https://www.ishopping.pk/home-and-living/furniture/outdoor-furniture.html
429,Outdoor Lighting,https://www.ishopping.pk/home-and-living/lighting/outdoor-lighting.html
430,Outdoor Sports,https://www.ishopping.pk/more-stores/sports/out-door-sports.html
431,Ovens,https://www.ishopping.pk/home-and-living/kitchen-appliances/ovens.html
432,Pacifiers & Accessories,https://www.ishopping.pk/kids-store/kids-and-baby-accessories/pacifiers-accessories.html
433,Packaging & Cartons,https://www.ishopping.pk/books/stationery-crafts/packaging-cartons.html
434,Pakistani & Traditional Clothing,https://www.ishopping.pk/mens-store/men-s-clothing/pakistani-traditional-clothing.html
435,Pakistani & Traditional Clothing,https://www.ishopping.pk/women-s-store/women-s-clothing/pakistani-traditional-clothing.html
436,Pans and Toasters,https://www.ishopping.pk/home-and-living/kitchen-appliances/pans-and-toasters.html
437,Paper Products,https://www.ishopping.pk/books/stationery-crafts/paper-products.html
438,Paper Roll,https://www.ishopping.pk/office-media/office-paper/paper-roll.html
439,Paper Shredder,https://www.ishopping.pk/office-media/electronic-office-equipment/paper-shredder.html
440,Party Supplies & Dress Up,https://www.ishopping.pk/kids-store/kids-toys/party-supplies-dress-up.html
441,Paulareis P,https://www.ishopping.pk/mens-store/men-s-watches/paulareis-p.html
442,Peak Flow Meter,https://www.ishopping.pk/health-beauty/health-care/peak-flow-meter.html
443,Pendants,https://www.ishopping.pk/women-s-store/women-s-jewellery/pendants.html
444,Pens ,https://www.ishopping.pk/office-media/writing-supplies/pens.html
445,Perfumes & Fragrances,https://www.ishopping.pk/health-beauty/perfumes-fragrances.html
446,Pet Supplies,https://www.ishopping.pk/more-stores/grocer-s-shop/pet-supplies.html
447,Philips,https://www.ishopping.pk/homepage/cordless/philips.html
448,Picture Frames,https://www.ishopping.pk/home-and-living/home-decor/picture-frames.html
449,Pillows & Pillow Covers,https://www.ishopping.pk/home-and-living/bedding/pillows-pillow-covers.html
450,Plants & Seeds,https://www.ishopping.pk/home-and-living/lawn-garden/plants-seeds.html
451,Play Vehicles,https://www.ishopping.pk/kids-store/kids-toys/play-vehicles.html
452,Pliers,https://www.ishopping.pk/more-stores/tools-home-improvement/pliers.html
453,Police,https://www.ishopping.pk/mens-store/men-s-watches/police.html
454,Portable Media Players,https://www.ishopping.pk/electronics/streaming-and-media-player/portable-media-players.html
455,"Pots, Planters & Urns",https://www.ishopping.pk/home-and-living/lawn-garden/pots-planters-urns.html
456,Powerline Networking,https://www.ishopping.pk/office-media/networking/powerline-networking.html
457,Pressure Washer,https://www.ishopping.pk/more-stores/tools-home-improvement/pressure-washer.html
458,Pro Audio,https://www.ishopping.pk/office-media/pro-audio.html
459,Pro Video,https://www.ishopping.pk/office-media/pro-video.html
460,Professional Camcorders,https://www.ishopping.pk/electronics/cameras-camcorders/accessories.html
461,Projectors,https://www.ishopping.pk/office-media/pro-video/projectors.html
462,Protective Clothing & Equipment,https://www.ishopping.pk/more-stores/tools-home-improvement/protective-clothing-equipment.html
463,Pulsar,https://www.ishopping.pk/mens-store/men-s-watches/pulsar.html
464,Purifiers and Humidifiers,https://www.ishopping.pk/home-and-living/home-appliances/humidifiers-purifiers.html
465,Puzzle & Board Games,https://www.ishopping.pk/kids-store/kids-toys/puzzle-board-games.html
466,Q&Q,https://www.ishopping.pk/mens-store/men-s-watches/q-q.html
467,Range Extenders,https://www.ishopping.pk/office-media/networking/range-extenders.html
468,Refrigerators,https://www.ishopping.pk/home-and-living/home-appliances/refrigerators.html
469,Refrigerators & Freezers,https://www.ishopping.pk/clearance-sale-in-pakistan/home-living/refrigerators-freezers.html
470,Reign,https://www.ishopping.pk/mens-store/men-s-watches/reign.html
471,Religious Items,https://www.ishopping.pk/more-stores/lifestyle-accessories/religious-items.html
472,Remote Control Toys,https://www.ishopping.pk/kids-store/kids-toys/remote-control-toys.html
473,Roamer,https://www.ishopping.pk/mens-store/men-s-watches/roamer.html
474,Robotic Toys,https://www.ishopping.pk/kids-store/kids-toys/robotic-toys.html
475,Rodania,https://www.ishopping.pk/mens-store/men-s-watches/rodania.html
476,Rolex,https://www.ishopping.pk/mens-store/men-s-watches/rolex.html
477,Romanson,https://www.ishopping.pk/women-s-store/women-s-watches/romanson.html
478,Romanson,https://www.ishopping.pk/mens-store/men-s-watches/romanson.html
479,Rossmax,https://www.ishopping.pk/more-stores/heating-blankets-pads/rossmax.html
480,Routers,https://www.ishopping.pk/office-media/networking/routers.html
481,Safes & Vaults,https://www.ishopping.pk/home-and-living/home-storage-supplies/safes-vaults.html
482,Salt & Pepper and Condiment,https://www.ishopping.pk/home-and-living/kitchen-accessories/salt-pepper-and-condiment.html
483,Sandals,https://www.ishopping.pk/kids-store/kids-footwear/sandals.html
484,Sandals & Slippers,https://www.ishopping.pk/mens-store/men-s-footwear/sandals-slippers.html
485,Saws,https://www.ishopping.pk/more-stores/tools-home-improvement/saws.html
486,School & Office Equipment,https://www.ishopping.pk/books/stationery-crafts/school-office-equipment.html
487,School Bags,https://www.ishopping.pk/books/school-essentials/school-bags.html
488,School Essentials,https://www.ishopping.pk/books/school-essentials.html
489,Security and Surveillance,https://www.ishopping.pk/office-media/security-and-surveillance.html
490,Seiko,https://www.ishopping.pk/women-s-store/women-s-watches/seiko.html
491,Seiko,https://www.ishopping.pk/mens-store/men-s-watches/seiko.html
492,Sewing Machine,https://www.ishopping.pk/home-and-living/home-appliances/sewing-machine.html
493,Sexual Wellness,https://www.ishopping.pk/health-beauty/wellness/sexual-wellness.html
494,Shaving & Grooming ,https://www.ishopping.pk/health-beauty/personal-care-53/shaving-grooming.html
495,Shoe Accessories,https://www.ishopping.pk/mens-store/men-s-footwear/shoe-accessories.html
496,Shoe Racks Organizers & Storage,https://www.ishopping.pk/home-and-living/home-storage-supplies/shoe-racks-organizers-storage.html
497,Shoes,https://www.ishopping.pk/kids-store/kids-footwear/shoes.html
498,Signature Pad,https://www.ishopping.pk/office-media/electronic-office-equipment/signature-pad.html
499,Sinobi,https://www.ishopping.pk/mens-store/men-s-watches/sinobi.html
500,Skagen,https://www.ishopping.pk/mens-store/men-s-watches/skagen.html
501,Skin Care,https://www.ishopping.pk/health-beauty/personal-care/skin-care.html
502,Skin Care,https://www.ishopping.pk/health-beauty/personal-care-53/skin-care.html
503,Slipper,https://www.ishopping.pk/kids-store/kids-footwear/slipper.html
504,Small Appliances,https://www.ishopping.pk/clearance-sale-in-pakistan/home-living/small-appliances.html
505,Smart 3D LED TV,https://www.ishopping.pk/electronics/tv-s-and-entertainment/smart-3d-led-tv.html
506,Smart Band,https://www.ishopping.pk/electronics/wearable-gadgets/smart-band.html
507,Smart Bracelet,https://www.ishopping.pk/electronics/wearable-gadgets/smart-bracelet.html
508,Smart Detector,https://www.ishopping.pk/more-stores/tools-home-improvement/smart-detector.html
509,Smart Glasses,https://www.ishopping.pk/electronics/wearable-gadgets/smart-glasses.html
510,Smart Item Tracker,https://www.ishopping.pk/electronics/wearable-gadgets/smart-item-tracker.html
511,Smart LED TV,https://www.ishopping.pk/electronics/tv-s-and-entertainment/smart-led.html
512,Smart Locks,https://www.ishopping.pk/more-stores/tools-home-improvement/smart-locks.html
513,Smart Necklace,https://www.ishopping.pk/electronics/wearable-gadgets/smart-necklace.html
514,Smart Rings,https://www.ishopping.pk/electronics/wearable-gadgets/smart-rings.html
515,Smart Trash Cans,https://www.ishopping.pk/office-media/electronic-office-equipment/smart-trash-cans.html
516,Smart Watches,https://www.ishopping.pk/electronics/wearable-gadgets/smart-watches.html
517,Smart Watches Accessories,https://www.ishopping.pk/electronics/wearable-gadgets/smart-watches-accessories.html
518,Snacks,https://www.ishopping.pk/more-stores/grocer-s-shop/snacks.html
519,Sneakers,https://www.ishopping.pk/mens-store/men-s-footwear/sneakers.html
520,Socks,https://www.ishopping.pk/kids-store/baby-care/socks.html
521,Solar Panels,https://www.ishopping.pk/home-and-living/home-appliances/solar-panels.html
522,Solid State Drives (SSD),https://www.ishopping.pk/office-media/memory-storage/solid-state-drives-ssd.html
523,Speakers,https://www.ishopping.pk/azadi-bazaar/speakers.html
524,Speakers,https://www.ishopping.pk/office-media/pro-audio/speakers.html
525,Speciality Appliances,https://www.ishopping.pk/home-and-living/kitchen-appliances/specialty-appliances.html
526,Sponges & Cleaning Cloths,https://www.ishopping.pk/home-and-living/household-supplies/sponges-cleaning-cloths.html
527,Sport and Action Camcorders,https://www.ishopping.pk/electronics/cameras-camcorders/action-camera.html
528,Sports,https://www.ishopping.pk/more-stores/sports.html
529,Sports & Fitness Gadgets,https://www.ishopping.pk/more-stores/sports/sports-fitness-gadgets.html
530,Sports & Outdoor Play,https://www.ishopping.pk/kids-store/kids-toys/sports-outdoor-play.html
531,Sports Accessories,https://www.ishopping.pk/more-stores/sports/sports-accessories.html
532,Sports Shoes,https://www.ishopping.pk/mens-store/men-s-footwear/sports-shoes.html
533,Sports Shoes,https://www.ishopping.pk/women-s-store/women-shoes/sports-shoes.html
534,Sports/Fitness Gadgets,https://www.ishopping.pk/electronics/wearable-gadgets/sports-fitness-gadgets.html
535,Stabilizers,https://www.ishopping.pk/home-and-living/home-appliances/stablizers.html
536,Stationery & Crafts,https://www.ishopping.pk/books/stationery-crafts.html
537,Stethoscope,https://www.ishopping.pk/health-beauty/health-care/stethoscope.html
538,Storm,https://www.ishopping.pk/mens-store/men-s-watches/storm.html
539,Streaming and Media Player,https://www.ishopping.pk/electronics/streaming-and-media-player.html
540,Streaming and Media Players,https://www.ishopping.pk/clearance-sale-in-pakistan/streaming-and-media-players.html
541,Streaming Media Players,https://www.ishopping.pk/electronics/streaming-and-media-player/streaming-media-players.html
542,Study Room Furniture,https://www.ishopping.pk/home-and-living/furniture/study-room-furniture.html
543,Stuffed Toys,https://www.ishopping.pk/kids-store/kids-toys/stuffed-toys.html
544,Stuhrling Original,https://www.ishopping.pk/mens-store/men-s-watches/stuhrling-original.html
545,Subwoofers,https://www.ishopping.pk/electronics/home-theater-system/subwoofers.html
546,Summer Wear,https://www.ishopping.pk/women-s-store/women-s-clothing/summer-wear.html
547,Sunglasses,https://www.ishopping.pk/kids-store/kids-and-baby-accessories/sunglasses.html
548,Surveillance Video,https://www.ishopping.pk/office-media/security-and-surveillance/surveillance-video.html
549,Swaddles,https://www.ishopping.pk/kids-store/baby-care/swaddles.html
550,Swatch,https://www.ishopping.pk/women-s-store/women-s-watches/swatch.html
551,Tablet PC,https://www.ishopping.pk/electronics/mobile-phones-tablet-pc/tablet-pc-price-in-pakistan.html
552,Tablet PCs,https://www.ishopping.pk/clearance-sale-in-pakistan/tablet-pcs.html
553,Tablet PCs,https://www.ishopping.pk/azadi-bazaar/mobile-phones-and-tablet-pcs/tablet-pcs.html
554,Tableware,https://www.ishopping.pk/home-and-living/kitchen-dining/tableware.html
555,TAG Heuer,https://www.ishopping.pk/mens-store/men-s-watches/tag-heuer.html
556,TAG Heuer,https://www.ishopping.pk/women-s-store/women-s-watches/tag-heuer.html
557,Tea/Coffee & Beverages,https://www.ishopping.pk/more-stores/grocer-s-shop/tea-coffee-beverages.html
558,Team Sports,https://www.ishopping.pk/more-stores/sports/team-sports.html
559,Ted Baker,https://www.ishopping.pk/women-s-store/women-s-watches/ted-baker.html
560,Ted Baker,https://www.ishopping.pk/mens-store/men-s-watches/ted-baker.html
561,Telephones,https://www.ishopping.pk/office-media/office-equipment/telephones.html
562,Television,https://www.ishopping.pk/clearance-sale-in-pakistan/television.html
563,Text Books,https://www.ishopping.pk/books/books-megazines/text-books.html
564,Theorema,https://www.ishopping.pk/mens-store/men-s-watches/theorema.html
565,Therapy Products,https://www.ishopping.pk/health-beauty/health-care/pain-management.html
566,Thermedic,https://www.ishopping.pk/more-stores/heating-blankets-pads/thermedic.html
567,Thermometer,https://www.ishopping.pk/health-beauty/health-care/thermometer.html
568,Thermostat,https://www.ishopping.pk/more-stores/weather-checking-products/thermostat.html
569,Ties & Cufflinks,https://www.ishopping.pk/mens-store/men-s-accessories/ties-cufflinks.html
570,Timberland,https://www.ishopping.pk/mens-store/men-s-watches/timberland.html
571,Tissot,https://www.ishopping.pk/women-s-store/women-s-watches/tissot.html
572,Tissot,https://www.ishopping.pk/mens-store/men-s-watches/tissot-in-pakistan.html
573,Tissue and Tissue Holders,https://www.ishopping.pk/home-and-living/kitchen-accessories/tissue-and-tissue-holders.html
574,Titan,https://www.ishopping.pk/mens-store/men-s-watches/titan.html
575,Titan,https://www.ishopping.pk/women-s-store/women-s-watches/titan.html
576,Tobacco,https://www.ishopping.pk/more-stores/lifestyle-accessories/tobacco.html
577,Tommy Hilfiger,https://www.ishopping.pk/women-s-store/women-s-watches/tommy-hilfiger.html
578,Tommy Hilfiger,https://www.ishopping.pk/mens-store/men-s-watches/tommy-hilfiger.html
579,Tools & Home Improvement,https://www.ishopping.pk/more-stores/tools-home-improvement.html
580,Toothbrush,https://www.ishopping.pk/health-beauty/oral-care/toothbrush.html
581,Toothpaste,https://www.ishopping.pk/health-beauty/oral-care/toothpaste.html
582,Towels & Bath Robes,https://www.ishopping.pk/home-and-living/bath/towels-bath-robes.html
583,Travel Accessories,https://www.ishopping.pk/more-stores/travel-accessories.html
584,Travel Backpack,https://www.ishopping.pk/more-stores/travel-accessories/travel-backpack.html
585,Travel Case,https://www.ishopping.pk/more-stores/travel-accessories/travel-case.html
586,Travel Coolers,https://www.ishopping.pk/more-stores/travel-accessories/travel-coolers.html
587,Trolley Bags,https://www.ishopping.pk/more-stores/travel-accessories/trolley-bags.html
588,Tulsar,https://www.ishopping.pk/mens-store/men-s-watches/tulsar.html
589,TV’s and Entertainment,https://www.ishopping.pk/electronics/tv-s-and-entertainment.html
590,Ucheck,https://www.ishopping.pk/more-stores/heating-blankets-pads/ucheck.html
591,Unbranded,https://www.ishopping.pk/home-and-living/inverter/unbranded.html
592,Unbranded,https://www.ishopping.pk/mens-store/men-s-watches/unbranded.html
593,Unbranded,https://www.ishopping.pk/women-s-store/women-s-watches/unbranded.html
594,Unbranded,https://www.ishopping.pk/more-stores/heating-blankets-pads/unbranded.html
595,UniSex Baby,https://www.ishopping.pk/kids-store/babies-wear/unisex-baby-clothes.html
596,UPS,https://www.ishopping.pk/home-and-living/ups-and-battery/ups.html
597,UPS & Battery,https://www.ishopping.pk/home-and-living/ups-and-battery.html
598,Urdu Books,https://www.ishopping.pk/books/books-megazines/urdu-books.html
599,Vacuum Cleaners,https://www.ishopping.pk/home-and-living/home-appliances/vacuum-cleaners.html
600,Vegetable Slicers,https://www.ishopping.pk/home-and-living/kitchen-appliances/vegatable-slicer.html
601,Victorinox,https://www.ishopping.pk/mens-store/men-s-watches/victorinox.html
602,Video Conferencing Systems,https://www.ishopping.pk/office-media/pro-video/video-conferencing-systems.html
603,Video Games,https://www.ishopping.pk/clearance-sale-in-pakistan/video-games.html
604,Video Games,https://www.ishopping.pk/electronics/video-games-consoles/video-games.html
605,Video Games & Consoles,https://www.ishopping.pk/electronics/video-games-consoles.html
606,Vincero,https://www.ishopping.pk/women-s-store/women-s-watches/vincero.html
607,Vincero,https://www.ishopping.pk/mens-store/men-s-watches/vincero.html
608,Vitamins & Supplements,https://www.ishopping.pk/health-beauty/wellness/vitamins-supplements.html
609,Voice Recorders,https://www.ishopping.pk/office-media/pro-audio/voice-recorders.html
610,VR Glasses,https://www.ishopping.pk/electronics/wearable-gadgets/vr-glasses.html
611,Waist Bags,https://www.ishopping.pk/more-stores/travel-accessories/waist-bags.html
612,Wall Art,https://www.ishopping.pk/home-and-living/home-decor/wall-art.html
613,Wallet & Card Holders,https://www.ishopping.pk/mens-store/men-s-accessories/wallet-card-holders.html
614,Washing Machines,https://www.ishopping.pk/home-and-living/home-appliances/washing-machines.html
615,Watches,https://www.ishopping.pk/kids-store/kids-and-baby-accessories/watches.html
616,Water Bottles,https://www.ishopping.pk/books/school-essentials/water-bottles.html
617,Water Dispenser,https://www.ishopping.pk/home-and-living/home-appliances/water-dispenser.html
618,Water Flossers,https://www.ishopping.pk/health-beauty/oral-care/water-flossers.html
619,Wearable Gadgets,https://www.ishopping.pk/clearance-sale-in-pakistan/wearable-gadgets.html
620,Wearable Gadgets,https://www.ishopping.pk/electronics/wearable-gadgets.html
621,Wearable Gadgets,https://www.ishopping.pk/azadi-bazaar/wearable-gadgets.html
622,Weather Checking Products,https://www.ishopping.pk/more-stores/weather-checking-products.html
623,Weighing Scale,https://www.ishopping.pk/clearance-sale-in-pakistan/home-living/weighing-scale.html
624,Weighing Scale,https://www.ishopping.pk/more-stores/weighing-scale.html
625,Weighing Scale,https://www.ishopping.pk/azadi-bazaar/more-store/weighing-scale.html
626,Wellness,https://www.ishopping.pk/health-beauty/wellness.html
627,Western Clothing,https://www.ishopping.pk/women-s-store/women-s-clothing/western-clothing.html
628,Western Clothing,https://www.ishopping.pk/mens-store/men-s-clothing/western-clothing.html
629,Westpoint,https://www.ishopping.pk/home-and-living/inverter/westpoint.html
630,Wewood,https://www.ishopping.pk/women-s-store/women-s-watches/wewood.html
631,Wewood,https://www.ishopping.pk/mens-store/men-s-watches/wewood.html
632,Winter Wear,https://www.ishopping.pk/women-s-store/women-s-clothing/winter-wear.html
633,Winter Wear,https://www.ishopping.pk/mens-store/men-s-clothing/winter-wear.html
634,Wipers ,https://www.ishopping.pk/home-and-living/household-supplies/wipers.html
635,Wireless Access Point ,https://www.ishopping.pk/office-media/networking/wireless-access-point-price-in-pakistan.html
636,Wireless Adapters,https://www.ishopping.pk/office-media/networking/wireless-adapters.html
637,Wireless Bridge,https://www.ishopping.pk/office-media/networking/wireless-bridge.html
638,Wireless Servers,https://www.ishopping.pk/office-media/networking/wireless-servers.html
639,Wireless System,https://www.ishopping.pk/office-media/pro-audio/wireless-system.html
640,Wise Locks,https://www.ishopping.pk/more-stores/tools-home-improvement/wise-lock.html
641,Women's Accessories,https://www.ishopping.pk/women-s-store/women-s-accessories.html
642,Women's Bracelets,https://www.ishopping.pk/women-s-store/women-s-jewellery/bracelets.html
643,Women's Clothing,https://www.ishopping.pk/women-s-store/women-s-clothing.html
644,Women's Clothing,https://www.ishopping.pk/clearance-sale-in-pakistan/women-s-store/women-s-clothing.html
645,Women's Earrings,https://www.ishopping.pk/women-s-store/women-s-jewellery/womens-earrings.html
646,Women's Fragrances,https://www.ishopping.pk/health-beauty/perfumes-fragrances/women-s-fragrances.html
647,Women's Handbands,https://www.ishopping.pk/women-s-store/women-s-accessories/women-s-handbands.html
648,Women's Jewellery,https://www.ishopping.pk/women-s-store/women-s-jewellery.html
649,Women's Jewellery Set,https://www.ishopping.pk/women-s-store/women-s-jewellery/womens-jewellery-set.html
650,Women's Necklaces,https://www.ishopping.pk/women-s-store/women-s-jewellery/womens-necklaces.html
651,Women's Nose Pin,https://www.ishopping.pk/women-s-store/women-s-jewellery/women-s-nose-pin.html
652,Women's Personal Care,https://www.ishopping.pk/health-beauty/personal-care.html
653,Women's Rings,https://www.ishopping.pk/women-s-store/women-s-jewellery/womens-rings.html
654,Women's Shoes,https://www.ishopping.pk/women-s-store/women-shoes.html
655,Women's Store,https://www.ishopping.pk/women-s-store.html
656,Women's Store,https://www.ishopping.pk/clearance-sale-in-pakistan/women-s-store.html
657,Women's Watches,https://www.ishopping.pk/women-s-store/women-s-watches.html
658,Women`s Store,https://www.ishopping.pk/azadi-bazaar/men-and-women-store/women-s-store.html
659,Writing & Correction,https://www.ishopping.pk/books/stationery-crafts/writing-correction.html
660,Writing Supplies,https://www.ishopping.pk/office-media/writing-supplies.html
661,Yazole,https://www.ishopping.pk/mens-store/men-s-watches/yazole.html
662,Yves Lansac,https://www.ishopping.pk/women-s-store/women-s-watches/yves-lansac.html
