,Product Name,Product Page,Product Image,Price,Discount Price,Category,Site
0,BUY Dollar Permenant Marker Black 12 Pcs GET Dollar Permenant Marker Black 5 Pcs FREE,https://hummart.com/buy-dollar-permenant-marker-black-12-pcs-get-dollar-permenant-marker-black-5-pcs-free.html,"https://hummart.com/media/catalog/product/1/0/100817.jpg?width=300&height=300&canvas=300:300&quality=80&bg-color=255,255,255&fit=bounds",299,-1,Furnishing Home Needs,Hum Mart
1,Osaka Correction Pen,https://hummart.com/osaka-correction-pen.html,"https://hummart.com/media/catalog/product/h/t/httpphpstack-143539-415191.cloudwaysapps.commedia6950126117202.jpg?width=300&height=300&canvas=300:300&quality=80&bg-color=255,255,255&fit=bounds",75,-1,Furnishing Home Needs,Hum Mart
2,Crystal Executive Stamp Pad Large,https://hummart.com/crystal-executive-stamp-pad-large-1-piece.html,"https://hummart.com/media/catalog/product/h/t/httpphpstack-143539-415191.cloudwaysapps.commedia7723279326888.jpg?width=300&height=300&canvas=300:300&quality=80&bg-color=255,255,255&fit=bounds",70,-1,Furnishing Home Needs,Hum Mart
3,Diamond Binder Clip 2 Width 51Mm,https://hummart.com/diamond-binder-clip-2-width-51mm-12-pieces.html,"https://hummart.com/media/catalog/product/h/t/httpphpstack-143539-415191.cloudwaysapps.commedia36332519.jpg?width=300&height=300&canvas=300:300&quality=80&bg-color=255,255,255&fit=bounds",185,-1,Furnishing Home Needs,Hum Mart
4,Amos Glitter Glue 5 Color Confitti,https://hummart.com/amos-glitter-glue-5-color-confitti-pack-of-5.html,"https://hummart.com/media/catalog/product/h/t/httpphpstack-143539-415191.cloudwaysapps.commedia6634226348956.jpg?width=300&height=300&canvas=300:300&quality=80&bg-color=255,255,255&fit=bounds",105,-1,Furnishing Home Needs,Hum Mart
5,Diamond Binder Clip 1,https://hummart.com/diamond-binder-clip-1-5-8-width-41mm.html,"https://hummart.com/media/catalog/product/h/t/httpphpstack-143539-415191.cloudwaysapps.commedia36332410.jpg?width=300&height=300&canvas=300:300&quality=80&bg-color=255,255,255&fit=bounds",120,-1,Furnishing Home Needs,Hum Mart
6,Sapphire Spare Blade Large,https://hummart.com/sapphire-spare-blade-large-1-piece.html,"https://hummart.com/media/catalog/product/h/t/httpphpstack-143539-415191.cloudwaysapps.commedia11098.jpg?width=300&height=300&canvas=300:300&quality=80&bg-color=255,255,255&fit=bounds",45,-1,Furnishing Home Needs,Hum Mart
7,Omega Stand Art Glitter Glue,https://hummart.com/omega-stand-art-glitter-glue-pack-of-4.html,"https://hummart.com/media/catalog/product/h/t/httpphpstack-143539-415191.cloudwaysapps.commedia11099.jpg?width=300&height=300&canvas=300:300&quality=80&bg-color=255,255,255&fit=bounds",84,-1,Furnishing Home Needs,Hum Mart
8,Diamond Binder Clip 1,https://hummart.com/diamond-binder-clip-1-12-pieces.html,"https://hummart.com/media/catalog/product/h/t/httpphpstack-143539-415191.cloudwaysapps.commedia36332328.jpg?width=300&height=300&canvas=300:300&quality=80&bg-color=255,255,255&fit=bounds",121,-1,Furnishing Home Needs,Hum Mart
9,Motex Price Labeller Machine Mx5500,https://hummart.com/motex-price-labeller-machine-mx5500-1-piece.html,"https://hummart.com/media/catalog/product/h/t/httpphpstack-143539-415191.cloudwaysapps.commedia11100.jpg?width=300&height=300&canvas=300:300&quality=80&bg-color=255,255,255&fit=bounds",539,-1,Furnishing Home Needs,Hum Mart
10,Dollar Glue Stick 35G,https://hummart.com/dollar-glue-stick-35g-1piece.html,"https://hummart.com/media/catalog/product/h/t/httpphpstack-143539-415191.cloudwaysapps.commedia695240102432.jpg?width=300&height=300&canvas=300:300&quality=80&bg-color=255,255,255&fit=bounds",84,-1,Furnishing Home Needs,Hum Mart
11,Dollar Permenant Marker Black Uml5 New,https://hummart.com/dollar-permenant-marker-black-uml5-new-12pieces.html,"https://hummart.com/media/catalog/product/h/t/httpphpstack-143539-415191.cloudwaysapps.commedia695240208806.jpg?width=300&height=300&canvas=300:300&quality=80&bg-color=255,255,255&fit=bounds",450,-1,Furnishing Home Needs,Hum Mart
12,Rays Aluminium Scale 12 Inch,https://hummart.com/rays-aluminium-scale-12-inch-1-piece.html,"https://hummart.com/media/catalog/product/h/t/httpphpstack-143539-415191.cloudwaysapps.commedia77255129.jpg?width=300&height=300&canvas=300:300&quality=80&bg-color=255,255,255&fit=bounds",35,-1,Furnishing Home Needs,Hum Mart
13,Double A 500 Sheets Ream,https://hummart.com/double-a-500-sheets-ream-80-gm.html,"https://hummart.com/media/catalog/product/h/t/httpphpstack-143539-415191.cloudwaysapps.commedia8856976001594.jpg?width=300&height=300&canvas=300:300&quality=80&bg-color=255,255,255&fit=bounds",856,-1,Furnishing Home Needs,Hum Mart
14,Owner Punch Machine No. M30,https://hummart.com/catalog/product/view/id/14463/s/owner-punch-machine-no-m30-1-piece/category/100/,"https://hummart.com/media/catalog/product/h/t/httpphpstack-143539-415191.cloudwaysapps.commedia6967762476303.jpg?width=300&height=300&canvas=300:300&quality=80&bg-color=255,255,255&fit=bounds",245,-1,Furnishing Home Needs,Hum Mart
15,Owner Punch Machine No. M20,https://hummart.com/catalog/product/view/id/14462/s/owner-punch-machine-no-m20-1-piece/category/100/,"https://hummart.com/media/catalog/product/h/t/httpphpstack-143539-415191.cloudwaysapps.commedia6637786246205.jpg?width=300&height=300&canvas=300:300&quality=80&bg-color=255,255,255&fit=bounds",130,-1,Furnishing Home Needs,Hum Mart
16,Owner Paper Cutter Knife Ct 41,https://hummart.com/catalog/product/view/id/14461/s/owner-paper-cutter-knife-ct-41-1-piece/category/100/,"https://hummart.com/media/catalog/product/h/t/httpphpstack-143539-415191.cloudwaysapps.commedia6963725282417.jpg?width=300&height=300&canvas=300:300&quality=80&bg-color=255,255,255&fit=bounds",47,-1,Furnishing Home Needs,Hum Mart
17,Owner Paper Cutter Knife Ct 08,https://hummart.com/catalog/product/view/id/14460/s/owner-paper-cutter-knife-ct-08-1-piece/category/100/,"https://hummart.com/media/catalog/product/h/t/httpphpstack-143539-415191.cloudwaysapps.commedia6963725282080.jpg?width=300&height=300&canvas=300:300&quality=80&bg-color=255,255,255&fit=bounds",22,-1,Furnishing Home Needs,Hum Mart
18,Crystal Gem Paper Clips 50mm Pack,https://hummart.com/catalog/product/view/id/14455/s/crystal-gem-paper-clips-50mm-pack-40-pcs/category/100/,"https://hummart.com/media/catalog/product/h/t/httpphpstack-143539-415191.cloudwaysapps.commedia4362547506671.jpg?width=300&height=300&canvas=300:300&quality=80&bg-color=255,255,255&fit=bounds",31,-1,Furnishing Home Needs,Hum Mart
19,Crystal Gem Paper Clips 36mm Pack,https://hummart.com/catalog/product/view/id/14454/s/crystal-gem-paper-clips-36mm-pack-80-pcs/category/100/,"https://hummart.com/media/catalog/product/h/t/httpphpstack-143539-415191.cloudwaysapps.commedia4362347366673.jpg?width=300&height=300&canvas=300:300&quality=80&bg-color=255,255,255&fit=bounds",32,-1,Furnishing Home Needs,Hum Mart
20,Crystal Gem Paper Clips 30mm Pack,https://hummart.com/catalog/product/view/id/14453/s/crystal-gem-paper-clips-30mm-pack-100-pcs/category/100/,"https://hummart.com/media/catalog/product/h/t/httpphpstack-143539-415191.cloudwaysapps.commedia4362347306679.jpg?width=300&height=300&canvas=300:300&quality=80&bg-color=255,255,255&fit=bounds",23,-1,Furnishing Home Needs,Hum Mart
21,Crystal Executive Stamp Pad Large,https://hummart.com/catalog/product/view/id/14450/s/crystal-executive-stamp-pad-large-1-piece/category/100/,"https://hummart.com/media/catalog/product/h/t/httpphpstack-143539-415191.cloudwaysapps.commedia787279392028.jpg?width=300&height=300&canvas=300:300&quality=80&bg-color=255,255,255&fit=bounds",59,-1,Furnishing Home Needs,Hum Mart
22,Solo Writing Pad,https://hummart.com/solo-writing-pad-1-piece.html,"https://hummart.com/media/catalog/product/1/1/11017.jpg?width=300&height=300&canvas=300:300&quality=80&bg-color=255,255,255&fit=bounds",34,-1,Furnishing Home Needs,Hum Mart
23,Owner Staple Remover,https://hummart.com/catalog/product/view/id/14468/s/owner-staple-remover-1-piece/category/100/,"https://hummart.com/media/catalog/product/h/t/httpphpstack-143539-415191.cloudwaysapps.commedia6967787247711.jpg?width=300&height=300&canvas=300:300&quality=80&bg-color=255,255,255&fit=bounds",31,-1,Furnishing Home Needs,Hum Mart
24,Clear Pvp Glue Stick Pack,https://hummart.com/clear-pvp-glue-stick-pack-12-pcs.html,"https://hummart.com/media/catalog/product/h/t/httpphpstack-143539-415191.cloudwaysapps.commedia69392190082141.jpg?width=300&height=300&canvas=300:300&quality=80&bg-color=255,255,255&fit=bounds",95,-1,Furnishing Home Needs,Hum Mart
25,Bath Mat,https://hummart.com/bath-mat-1-piece.html,"https://hummart.com/media/catalog/product/h/t/httpphpstack-143539-415191.cloudwaysapps.commedia11087.jpg?width=300&height=300&canvas=300:300&quality=80&bg-color=255,255,255&fit=bounds",299,-1,Furnishing Home Needs,Hum Mart
26,Feiyide Binder Clips,https://hummart.com/feiyide-binder-clips-pack-of-12.html,"https://hummart.com/media/catalog/product/h/t/httpphpstack-299729-917918.cloudwaysapps.comimages6942183550320.jpg?width=300&height=300&canvas=300:300&quality=80&bg-color=255,255,255&fit=bounds",75,-1,Furnishing Home Needs,Hum Mart
27,Washin Heavy Duty Staple Pin 23/24,https://hummart.com/catalog/product/view/id/14478/s/washin-heavy-duty-staple-pin-23-24-1000-pins/category/100/,"https://hummart.com/media/catalog/product/h/t/httpphpstack-143539-415191.cloudwaysapps.commedia8802966060904.jpg?width=300&height=300&canvas=300:300&quality=80&bg-color=255,255,255&fit=bounds",180,-1,Furnishing Home Needs,Hum Mart
28,Washin Heavy Duty Staple Pin 23/20,https://hummart.com/catalog/product/view/id/14477/s/washin-heavy-duty-staple-pin-23-20-1000-pins/category/100/,"https://hummart.com/media/catalog/product/h/t/httpphpstack-143539-415191.cloudwaysapps.commedia8802966060805.jpg?width=300&height=300&canvas=300:300&quality=80&bg-color=255,255,255&fit=bounds",162,-1,Furnishing Home Needs,Hum Mart
29,Washin Heavy Duty Staple Pin 23/15,https://hummart.com/catalog/product/view/id/14476/s/washin-heavy-duty-staple-pin-23-15-1000-pins/category/100/,"https://hummart.com/media/catalog/product/h/t/httpphpstack-143539-415191.cloudwaysapps.commedia8802966060607.jpg?width=300&height=300&canvas=300:300&quality=80&bg-color=255,255,255&fit=bounds",128,-1,Furnishing Home Needs,Hum Mart
30,Signature Orenj Red Ball Pen Pack,https://hummart.com/signature-orenj-red-ball-pen-pack-10-pcs.html,"https://hummart.com/media/catalog/product/h/t/httpphpstack-299729-917918.cloudwaysapps.comimages94922950537.jpg?width=300&height=300&canvas=300:300&quality=80&bg-color=255,255,255&fit=bounds",78,-1,Furnishing Home Needs,Hum Mart
31,Dollar Dry Erase Marker Red Box,https://hummart.com/dollar-dry-erase-marker-red-box-12-pcs-1.html,"https://hummart.com/media/catalog/product/h/t/httpphpstack-299729-917918.cloudwaysapps.comimages695240209209.jpg?width=300&height=300&canvas=300:300&quality=80&bg-color=255,255,255&fit=bounds",360,-1,Furnishing Home Needs,Hum Mart
32,Dollar Dry Erase Marker Black Box,https://hummart.com/dollar-dry-erase-marker-black-box-12-pcs-1.html,"https://hummart.com/media/catalog/product/h/t/httpphpstack-299729-917918.cloudwaysapps.comimages695240209193.jpg?width=300&height=300&canvas=300:300&quality=80&bg-color=255,255,255&fit=bounds",360,-1,Furnishing Home Needs,Hum Mart
33,Dollar Dry Erase Marker Blue Box,https://hummart.com/dollar-dry-erase-marker-blue-box-12-pcs-1.html,"https://hummart.com/media/catalog/product/h/t/httpphpstack-299729-917918.cloudwaysapps.comimages695240209186.jpg?width=300&height=300&canvas=300:300&quality=80&bg-color=255,255,255&fit=bounds",360,-1,Furnishing Home Needs,Hum Mart
34,Duracell C Size Battery,https://hummart.com/duracell-c-size-battery-2-pcs-1.html,"https://hummart.com/media/catalog/product/h/t/httpshummart.commediacatalogproducththttpphpstack-143539-415191.cloudwaysapps.commedia5000394076754.jpg?width=300&height=300&canvas=300:300&quality=80&bg-color=255,255,255&fit=bounds",363,-1,Furnishing Home Needs,Hum Mart
35,Binding Tape Black 2 Inches,https://hummart.com/binding-tape-black-2-inches-1-piece.html,"https://hummart.com/media/catalog/product/h/t/httpphpstack-299729-917918.cloudwaysapps.comimages11332.jpg?width=300&height=300&canvas=300:300&quality=80&bg-color=255,255,255&fit=bounds",90,-1,Furnishing Home Needs,Hum Mart
36,Paper One Copier Paper A4 70Gm,https://hummart.com/paper-one-copier-paper-a4-70gm-1-piece.html,"https://hummart.com/media/catalog/product/h/t/httpphpstack-299729-917918.cloudwaysapps.comimages8993242596955.jpg?width=300&height=300&canvas=300:300&quality=80&bg-color=255,255,255&fit=bounds",600,-1,Furnishing Home Needs,Hum Mart
37,Paper One Copier Paper A4 70Gm Box,https://hummart.com/paper-one-copier-paper-a4-70gm-box-5-reams.html,"https://hummart.com/media/catalog/product/h/t/httpphpstack-299729-917918.cloudwaysapps.comimages8993242596948.jpg?width=300&height=300&canvas=300:300&quality=80&bg-color=255,255,255&fit=bounds",2858,-1,Furnishing Home Needs,Hum Mart
38,Energizer Max Aa Super Saver Pack,https://hummart.com/energizer-max-aa-super-saver-pack-8-4-pcs.html,"https://hummart.com/media/catalog/product/h/t/httpphpstack-299729-917918.cloudwaysapps.comimages8888021206203.jpg?width=300&height=300&canvas=300:300&quality=80&bg-color=255,255,255&fit=bounds",840,-1,Furnishing Home Needs,Hum Mart
39,Kangaro Stapler,https://hummart.com/kangaro-stapler-1-piece.html,"https://hummart.com/media/catalog/product/h/t/httpphpstack-299729-917918.cloudwaysapps.comimages8901057309172.jpg?width=300&height=300&canvas=300:300&quality=80&bg-color=255,255,255&fit=bounds",320,-1,Furnishing Home Needs,Hum Mart
40,Energizer Max Aaa,https://hummart.com/energizer-max-aaa-12-pcs.html,"https://hummart.com/media/catalog/product/h/t/httpphpstack-299729-917918.cloudwaysapps.comimages8888021206258.jpg?width=300&height=300&canvas=300:300&quality=80&bg-color=255,255,255&fit=bounds",830,-1,Furnishing Home Needs,Hum Mart
41,Energizer Mini Recharger Aaa,https://hummart.com/energizer-mini-recharger-aaa.html,"https://hummart.com/media/catalog/product/h/t/httpphpstack-299729-917918.cloudwaysapps.comimages7638900421446.jpg?width=300&height=300&canvas=300:300&quality=80&bg-color=255,255,255&fit=bounds",1455,-1,Furnishing Home Needs,Hum Mart
42,Wizz Stapler,https://hummart.com/wizz-stapler-1-piece.html,"https://hummart.com/media/catalog/product/h/t/httpphpstack-299729-917918.cloudwaysapps.comimages6956490500213.jpg?width=300&height=300&canvas=300:300&quality=80&bg-color=255,255,255&fit=bounds",280,-1,Furnishing Home Needs,Hum Mart
43,Dollar Dry Erase Marker Green Box,https://hummart.com/dollar-dry-erase-marker-green-box-12-pcs-1.html,"https://hummart.com/media/catalog/product/h/t/httpphpstack-299729-917918.cloudwaysapps.comimages695240209216.jpg?width=300&height=300&canvas=300:300&quality=80&bg-color=255,255,255&fit=bounds",360,-1,Furnishing Home Needs,Hum Mart
44,New Clip File Size Flip Cover,https://hummart.com/new-clip-file-size-flip-cover-1-piece.html,"https://hummart.com/media/catalog/product/h/t/httpphpstack-299729-917918.cloudwaysapps.comimages6930683710016.jpg?width=300&height=300&canvas=300:300&quality=80&bg-color=255,255,255&fit=bounds",115,-1,Furnishing Home Needs,Hum Mart
45,Power Staple Remover,https://hummart.com/power-staple-remover-1-piece.html,"https://hummart.com/media/catalog/product/6/9/6921615450094.jpg?width=300&height=300&canvas=300:300&quality=80&bg-color=255,255,255&fit=bounds",50,-1,Furnishing Home Needs,Hum Mart
46,Praying Mat Assorted,https://hummart.com/praying-mat-assorted-1-piece.html,"https://hummart.com/media/catalog/product/1/1/11382.jpg?width=300&height=300&canvas=300:300&quality=80&bg-color=255,255,255&fit=bounds",849,-1,Furnishing Home Needs,Hum Mart
47,Unique Packing Tape Brown,https://hummart.com/unique-packing-tape-brown-1-piece.html,"https://hummart.com/media/catalog/product/1/1/11381.jpg?width=300&height=300&canvas=300:300&quality=80&bg-color=255,255,255&fit=bounds",79,-1,Furnishing Home Needs,Hum Mart
48,Picasso Staples 24/6,https://hummart.com/picasso-staples-24-6-1-piece.html,"https://hummart.com/media/catalog/product/h/t/httpphpstack-299729-917918.cloudwaysapps.comimages1213642277818.jpg?width=300&height=300&canvas=300:300&quality=80&bg-color=255,255,255&fit=bounds",35,-1,Furnishing Home Needs,Hum Mart
49,File Seprator Card,https://hummart.com/file-seprator-card-100-sheets.html,"https://hummart.com/media/catalog/product/1/1/11380.jpg?width=300&height=300&canvas=300:300&quality=80&bg-color=255,255,255&fit=bounds",420,-1,Furnishing Home Needs,Hum Mart
50,Eveready Super Heavy Duty Aaa Cells,https://hummart.com/eveready-super-heavy-duty-aaa-cells-4-pcs.html,"https://hummart.com/media/catalog/product/6/2/6223001580249.jpg?width=300&height=300&canvas=300:300&quality=80&bg-color=255,255,255&fit=bounds",130,-1,Furnishing Home Needs,Hum Mart
51,Energizer Max + Powerseal Aaa,https://hummart.com/energizer-max-powerseal-aaa-1-piece.html,"https://hummart.com/media/catalog/product/h/t/httpphpstack-299729-917918.cloudwaysapps.comimages7638900410662.jpg?width=300&height=300&canvas=300:300&quality=80&bg-color=255,255,255&fit=bounds",599,-1,Furnishing Home Needs,Hum Mart
52,Worksafe Highlighter,https://hummart.com/worksafe-highlighter-1-piece.html,"https://hummart.com/media/catalog/product/h/t/httpphpstack-299729-917918.cloudwaysapps.comimages786110515253.jpg?width=300&height=300&canvas=300:300&quality=80&bg-color=255,255,255&fit=bounds",27,-1,Furnishing Home Needs,Hum Mart
53,Eveready Super Heavy Duty Aaa,https://hummart.com/eveready-super-heavy-duty-aaa-4-pcs.html,"https://hummart.com/media/catalog/product/h/t/httpphpstack-143539-415191.cloudwaysapps.commedia8888021100112.jpg?width=300&height=300&canvas=300:300&quality=80&bg-color=255,255,255&fit=bounds",118,-1,Furnishing Home Needs,Hum Mart
54,Duracell Turbo Max Aaa4 Size Battery,https://hummart.com/duracell-turbo-max-aaa4-size-battery-4-pcs-sm.html,"https://hummart.com/media/catalog/product/h/t/httpphpstack-143539-415191.cloudwaysapps.commedia5000394093584.jpg?width=300&height=300&canvas=300:300&quality=80&bg-color=255,255,255&fit=bounds",288,-1,Furnishing Home Needs,Hum Mart
55,Duracell Turbo Aaa2 Size Battery,https://hummart.com/duracell-turbo-aaa2-size-battery-2-pcs-sm.html,"https://hummart.com/media/catalog/product/h/t/httpphpstack-143539-415191.cloudwaysapps.commedia5000394041936.jpg?width=300&height=300&canvas=300:300&quality=80&bg-color=255,255,255&fit=bounds",120,-1,Furnishing Home Needs,Hum Mart
56,Eveready Heavy Duty Aaa Battery,https://hummart.com/eveready-heavy-duty-aaa-battery-4-pcs.html,"https://hummart.com/media/catalog/product/h/t/httpphpstack-143539-415191.cloudwaysapps.commedia8999002692561.jpg?width=300&height=300&canvas=300:300&quality=80&bg-color=255,255,255&fit=bounds",90,-1,Furnishing Home Needs,Hum Mart
57,Box File Imported,https://hummart.com/box-file-imported-1-piece.html,"https://hummart.com/media/catalog/product/h/t/httpphpstack-299729-917918.cloudwaysapps.comimages11173.jpg?width=300&height=300&canvas=300:300&quality=80&bg-color=255,255,255&fit=bounds",185,-1,Furnishing Home Needs,Hum Mart
58,Euro Blue Transparent File,https://hummart.com/euro-blue-transparent-file-1-piece.html,"https://hummart.com/media/catalog/product/h/t/httpphpstack-299729-917918.cloudwaysapps.comimages6937199380306.jpg?width=300&height=300&canvas=300:300&quality=80&bg-color=255,255,255&fit=bounds",49,-1,Furnishing Home Needs,Hum Mart
59,Sticker 210 X 297Mm A4,https://hummart.com/sticker-210-x-297mm-a4-1-piece.html,"https://hummart.com/media/catalog/product/h/t/httpphpstack-299729-917918.cloudwaysapps.comimages11144.jpg?width=300&height=300&canvas=300:300&quality=80&bg-color=255,255,255&fit=bounds",970,-1,Furnishing Home Needs,Hum Mart
60,Eveready Red S4W Aa Cells X 4,https://hummart.com/eveready-red-s4w-aa-cells-x-4-1-piece.html,"https://hummart.com/media/catalog/product/h/t/httpphpstack-143539-415191.cloudwaysapps.commedia6223001580812.jpg?width=300&height=300&canvas=300:300&quality=80&bg-color=255,255,255&fit=bounds",85,-1,Furnishing Home Needs,Hum Mart
61,Owner Packing Tape 2 Inch,https://hummart.com/owner-packing-tape-2-inch-3-pcs.html,"https://hummart.com/media/catalog/product/h/t/httpphpstack-143539-415191.cloudwaysapps.commedia67782505.jpg?width=300&height=300&canvas=300:300&quality=80&bg-color=255,255,255&fit=bounds",510,-1,Furnishing Home Needs,Hum Mart
62,Owner Scissor 5 Inch,https://hummart.com/owner-scissor-5-inch-1-piece.html,"https://hummart.com/media/catalog/product/h/t/httpphpstack-299729-917918.cloudwaysapps.comimages37266073.jpg?width=300&height=300&canvas=300:300&quality=80&bg-color=255,255,255&fit=bounds",39,-1,Furnishing Home Needs,Hum Mart
63,Diamond Binder Clips,https://hummart.com/diamond-binder-clips-12-pcs.html,"https://hummart.com/media/catalog/product/h/t/httpphpstack-299729-917918.cloudwaysapps.comimages6938534070265.jpg?width=300&height=300&canvas=300:300&quality=80&bg-color=255,255,255&fit=bounds",54,-1,Furnishing Home Needs,Hum Mart
64,Eveready Torch Light,https://hummart.com/eveready-torch-light-1-piece.html,"https://hummart.com/media/catalog/product/h/t/httpphpstack-143539-415191.cloudwaysapps.commedia4891138947499.jpg?width=300&height=300&canvas=300:300&quality=80&bg-color=255,255,255&fit=bounds",385,-1,Furnishing Home Needs,Hum Mart
65,Duracell Turbo Aa2 Size Battery,https://hummart.com/duracell-turbo-aa2-size-battery-pack-of-12-sm.html,"https://hummart.com/media/catalog/product/h/t/httpphpstack-143539-415191.cloudwaysapps.commedia5000394041844.jpg?width=300&height=300&canvas=300:300&quality=80&bg-color=255,255,255&fit=bounds",120,-1,Furnishing Home Needs,Hum Mart
66,Duracell Turbo Aaa Size Battery,https://hummart.com/duracell-turbo-aaa-size-battery-6-pcs-sm.html,"https://hummart.com/media/catalog/product/h/t/httpphpstack-143539-415191.cloudwaysapps.commedia5000394203549.jpg?width=300&height=300&canvas=300:300&quality=80&bg-color=255,255,255&fit=bounds",260,-1,Furnishing Home Needs,Hum Mart
67,Amos Glitter Glue 5 Color Classic,https://hummart.com/amos-glitter-glue-5-color-classic-pack-of-5.html,"https://hummart.com/media/catalog/product/h/t/httpphpstack-143539-415191.cloudwaysapps.commedia8802946006564.jpg?width=300&height=300&canvas=300:300&quality=80&bg-color=255,255,255&fit=bounds",105,-1,Furnishing Home Needs,Hum Mart
68,Energizer Max 9V,https://hummart.com/energizer-max-9v-1card.html,"https://hummart.com/media/catalog/product/h/t/httpphpstack-143539-415191.cloudwaysapps.commedia8888021205275.jpg?width=300&height=300&canvas=300:300&quality=80&bg-color=255,255,255&fit=bounds",349,-1,Furnishing Home Needs,Hum Mart
69,Energizer Penlight + Aa X 2,https://hummart.com/energizer-penlight-aa-x-2-pack-of-3.html,"https://hummart.com/media/catalog/product/h/t/httpphpstack-143539-415191.cloudwaysapps.commedia7638900412499.jpg?width=300&height=300&canvas=300:300&quality=80&bg-color=255,255,255&fit=bounds",598,-1,Furnishing Home Needs,Hum Mart
70,Energizer Advanced + Power Boost Aaa,https://hummart.com/energizer-advanced-power-boost-aaa-2-pcs.html,"https://hummart.com/media/catalog/product/h/t/httpphpstack-143539-415191.cloudwaysapps.commedia8888021205336.jpg?width=300&height=300&canvas=300:300&quality=80&bg-color=255,255,255&fit=bounds",221,-1,Furnishing Home Needs,Hum Mart
71,Eveready Heavyduty D X 2,https://hummart.com/eveready-heavyduty-d-x-2-1-card.html,"https://hummart.com/media/catalog/product/h/t/httpphpstack-143539-415191.cloudwaysapps.commedia6223001580829.jpg?width=300&height=300&canvas=300:300&quality=80&bg-color=255,255,255&fit=bounds",170,-1,Furnishing Home Needs,Hum Mart
72,Eveready Heavyduty AAA,https://hummart.com/eveready-heavyduty-aa-x-4-pcs.html,"https://hummart.com/media/catalog/product/h/t/httpphpstack-143539-415191.cloudwaysapps.commedia6223001580553.jpg?width=300&height=300&canvas=300:300&quality=80&bg-color=255,255,255&fit=bounds",99,-1,Furnishing Home Needs,Hum Mart
73,Eveready Super Heavyduty Aaa X,https://hummart.com/eveready-super-heavyduty-aaa-x-4-pcs.html,"https://hummart.com/media/catalog/product/h/t/httpphpstack-143539-415191.cloudwaysapps.commedia6223001580270.jpg?width=300&height=300&canvas=300:300&quality=80&bg-color=255,255,255&fit=bounds",130,-1,Furnishing Home Needs,Hum Mart
74,Energizer Ultimate Lithium Aaa X,https://hummart.com/energizer-ultimate-lithium-aaa-x-2-pcs.html,"https://hummart.com/media/catalog/product/h/t/httpphpstack-143539-415191.cloudwaysapps.commedia039800079305.jpg?width=300&height=300&canvas=300:300&quality=80&bg-color=255,255,255&fit=bounds",698,-1,Furnishing Home Needs,Hum Mart
75,AA A4 Size Paper 70gm,https://hummart.com/aa-a4-size-paper-70-gm.html,"https://hummart.com/media/catalog/product/d/o/double_a.jpg?width=300&height=300&canvas=300:300&quality=80&bg-color=255,255,255&fit=bounds",613,-1,Furnishing Home Needs,Hum Mart
76,Energizer Advanced + Power Boost Aaa,https://hummart.com/energizer-advanced-power-boost-aaa-4-pcs.html,"https://hummart.com/media/catalog/product/h/t/httpphpstack-143539-415191.cloudwaysapps.commedia8888021205343.jpg?width=300&height=300&canvas=300:300&quality=80&bg-color=255,255,255&fit=bounds",399,-1,Furnishing Home Needs,Hum Mart
77,Energizer 3V Lithium Batery,https://hummart.com/energizer-3v-lithium-batery-1-card.html,"https://hummart.com/media/catalog/product/h/t/httpphpstack-143539-415191.cloudwaysapps.commedia8888021300086.jpg?width=300&height=300&canvas=300:300&quality=80&bg-color=255,255,255&fit=bounds",310,-1,Furnishing Home Needs,Hum Mart
78,Energizer A23,https://hummart.com/energizer-a23-1-card.html,"https://hummart.com/media/catalog/product/h/t/httpphpstack-143539-415191.cloudwaysapps.commedia8888021300116.jpg?width=300&height=300&canvas=300:300&quality=80&bg-color=255,255,255&fit=bounds",67,-1,Furnishing Home Needs,Hum Mart
79,Energizer Lithium Cr2,https://hummart.com/energizer-lithium-cr2-1-card.html,"https://hummart.com/media/catalog/product/h/t/httpphpstack-143539-415191.cloudwaysapps.commedia8888021300208.jpg?width=300&height=300&canvas=300:300&quality=80&bg-color=255,255,255&fit=bounds",310,-1,Furnishing Home Needs,Hum Mart
80,Energizer A27,https://hummart.com/energizer-a27-1-card.html,"https://hummart.com/media/catalog/product/h/t/httpphpstack-143539-415191.cloudwaysapps.commedia8888021300369.jpg?width=300&height=300&canvas=300:300&quality=80&bg-color=255,255,255&fit=bounds",80,-1,Furnishing Home Needs,Hum Mart
81,Energizer Accu Recharge Maxi 2 Aa 1300Mah + Charger,https://hummart.com/energizer-accu-recharge-maxi-2-aa-1300mah-charger-aa-x-2-charger.html,"https://hummart.com/media/catalog/product/h/t/httpphpstack-143539-415191.cloudwaysapps.commedia7638900421255.jpg?width=300&height=300&canvas=300:300&quality=80&bg-color=255,255,255&fit=bounds",1550,-1,Furnishing Home Needs,Hum Mart
82,Energizer Accu Recharge Mini Aa X 2 + Charger,https://hummart.com/energizer-accu-recharge-mini-aa-x-2-charger-2-pcs.html,"https://hummart.com/media/catalog/product/h/t/httpphpstack-143539-415191.cloudwaysapps.commedia7638900421439.jpg?width=300&height=300&canvas=300:300&quality=80&bg-color=255,255,255&fit=bounds",1425,-1,Furnishing Home Needs,Hum Mart
83,Energizer Max D,https://hummart.com/energizer-max-d-2-pcs.html,"https://hummart.com/media/catalog/product/h/t/httpphpstack-143539-415191.cloudwaysapps.commedia8888021205251.jpg?width=300&height=300&canvas=300:300&quality=80&bg-color=255,255,255&fit=bounds",510,-1,Furnishing Home Needs,Hum Mart
84,Energizer Max + Powerseal C,https://hummart.com/energizer-max-powerseal-c-2-pcs.html,"https://hummart.com/media/catalog/product/h/t/httpphpstack-143539-415191.cloudwaysapps.commedia8888021205244.jpg?width=300&height=300&canvas=300:300&quality=80&bg-color=255,255,255&fit=bounds",540,-1,Furnishing Home Needs,Hum Mart
85,Energizer Max + Powerseal Aaa,https://hummart.com/energizer-max-powerseal-aaa-12-pcs.html,"https://hummart.com/media/catalog/product/h/t/httpphpstack-143539-415191.cloudwaysapps.commedia8888021205237.jpg?width=300&height=300&canvas=300:300&quality=80&bg-color=255,255,255&fit=bounds",599,-1,Furnishing Home Needs,Hum Mart
86,Energizer Max + Powerseal Aaa,https://hummart.com/energizer-max-powerseal-aaa-8-pcs.html,"https://hummart.com/media/catalog/product/h/t/httpphpstack-143539-415191.cloudwaysapps.commedia8888021205220.jpg?width=300&height=300&canvas=300:300&quality=80&bg-color=255,255,255&fit=bounds",599,-1,Furnishing Home Needs,Hum Mart
87,Energizer Max + Powerseal Aaa,https://hummart.com/energizer-max-powerseal-aaa-6-pcs.html,"https://hummart.com/media/catalog/product/h/t/httpphpstack-143539-415191.cloudwaysapps.commedia8888021205213.jpg?width=300&height=300&canvas=300:300&quality=80&bg-color=255,255,255&fit=bounds",349,-1,Furnishing Home Needs,Hum Mart
88,Energizer Advanced + Power Boost Aa,https://hummart.com/energizer-advanced-power-boost-aa-2-pcs.html,"https://hummart.com/media/catalog/product/h/t/httpphpstack-143539-415191.cloudwaysapps.commedia8888021205299.jpg?width=300&height=300&canvas=300:300&quality=80&bg-color=255,255,255&fit=bounds",221,-1,Furnishing Home Needs,Hum Mart
89,Energizer Max + Powerseal Aaa,https://hummart.com/energizer-max-powerseal-aaa-2-pcs.html,"https://hummart.com/media/catalog/product/h/t/httpphpstack-143539-415191.cloudwaysapps.commedia8888021205183.jpg?width=300&height=300&canvas=300:300&quality=80&bg-color=255,255,255&fit=bounds",183,-1,Furnishing Home Needs,Hum Mart
90,Energizer Max + Powerseal Aa,https://hummart.com/energizer-max-powerseal-aa-12-pcs.html,"https://hummart.com/media/catalog/product/h/t/httpphpstack-143539-415191.cloudwaysapps.commedia8888021205176.jpg?width=300&height=300&canvas=300:300&quality=80&bg-color=255,255,255&fit=bounds",677,-1,Furnishing Home Needs,Hum Mart
91,Energizer Max + Powerseal Aa,https://hummart.com/energizer-max-powerseal-aa-8-pcs.html,"https://hummart.com/media/catalog/product/h/t/httpphpstack-143539-415191.cloudwaysapps.commedia8888021205152.jpg?width=300&height=300&canvas=300:300&quality=80&bg-color=255,255,255&fit=bounds",677,-1,Furnishing Home Needs,Hum Mart
92,Energizer Max + Powerseal Aa,https://hummart.com/energizer-max-powerseal-aa-6-pcs.html,"https://hummart.com/media/catalog/product/h/t/httpphpstack-143539-415191.cloudwaysapps.commedia8888021205145.jpg?width=300&height=300&canvas=300:300&quality=80&bg-color=255,255,255&fit=bounds",373,-1,Furnishing Home Needs,Hum Mart
93,Energizer Max + Powerseal Aa,https://hummart.com/energizer-max-powerseal-aa-4-pcs.html,"https://hummart.com/media/catalog/product/h/t/httpphpstack-143539-415191.cloudwaysapps.commedia8888021205114.jpg?width=300&height=300&canvas=300:300&quality=80&bg-color=255,255,255&fit=bounds",324,-1,Furnishing Home Needs,Hum Mart
94,Eveready Super Heavyduty 9V1,https://hummart.com/eveready-super-heavyduty-9v1-1-card.html,"https://hummart.com/media/catalog/product/h/t/httpphpstack-143539-415191.cloudwaysapps.commedia8888021100174.jpg?width=300&height=300&canvas=300:300&quality=80&bg-color=255,255,255&fit=bounds",63,-1,Furnishing Home Needs,Hum Mart
95,Eveready Red D Size X 2,https://hummart.com/eveready-red-d-size-x-2-2-pcs.html,"https://hummart.com/media/catalog/product/h/t/httpphpstack-143539-415191.cloudwaysapps.commedia8888021100013.jpg?width=300&height=300&canvas=300:300&quality=80&bg-color=255,255,255&fit=bounds",175,-1,Furnishing Home Needs,Hum Mart
96,Energizer Advanced + Power Boost Aa,https://hummart.com/energizer-advanced-power-boost-aa-4-pcs.html,"https://hummart.com/media/catalog/product/h/t/httpphpstack-143539-415191.cloudwaysapps.commedia8888021205305.jpg?width=300&height=300&canvas=300:300&quality=80&bg-color=255,255,255&fit=bounds",410,-1,Furnishing Home Needs,Hum Mart
97,Energizer Recharge Power Plus Recycled Battery Aa,https://hummart.com/energizer-recharge-power-plus-recycled-battery-aa-4-pcs.html,"https://hummart.com/media/catalog/product/h/t/httpphpstack-143539-415191.cloudwaysapps.commedia8888021301434.jpg?width=300&height=300&canvas=300:300&quality=80&bg-color=255,255,255&fit=bounds",1245,-1,Furnishing Home Needs,Hum Mart
98,Energizer Recharge Power Plus Aaa,https://hummart.com/energizer-recharge-power-plus-aaa-2-pcs.html,"https://hummart.com/media/catalog/product/h/t/httpphpstack-143539-415191.cloudwaysapps.commedia8888021301502.jpg?width=300&height=300&canvas=300:300&quality=80&bg-color=255,255,255&fit=bounds",699,-1,Furnishing Home Needs,Hum Mart
99,Energizer 2016 3V Lithium Battery,https://hummart.com/energizer-2016-3v-lithium-battery-1-card.html,"https://hummart.com/media/catalog/product/h/t/httpphpstack-143539-415191.cloudwaysapps.commedia8888021301731.jpg?width=300&height=300&canvas=300:300&quality=80&bg-color=255,255,255&fit=bounds",80,-1,Furnishing Home Needs,Hum Mart
100,Duracell Turbo Max Aaa Size Battery (4 Pcs Promo Pack),https://hummart.com/duracell-turbo-max-aaa-size-battery-4-pcs-71.html,"https://hummart.com/media/catalog/product/h/t/httpphpstack-143539-415191.cloudwaysapps.commedia5000394093645.jpg?width=300&height=300&canvas=300:300&quality=80&bg-color=255,255,255&fit=bounds",327,-1,Furnishing Home Needs,Hum Mart
101,Duracell Turbo Max Aaa2 Size Battery,https://hummart.com/duracell-turbo-max-aaa2-size-battery-2-pcs.html,"https://hummart.com/media/catalog/product/h/t/httpphpstack-143539-415191.cloudwaysapps.commedia5000394093522.jpg?width=300&height=300&canvas=300:300&quality=80&bg-color=255,255,255&fit=bounds",179,-1,Furnishing Home Needs,Hum Mart
102,Energizer Booklite,https://hummart.com/energizer-booklite-unit.html,"https://hummart.com/media/catalog/product/h/t/httpphpstack-143539-415191.cloudwaysapps.commedia7638900383911.jpg?width=300&height=300&canvas=300:300&quality=80&bg-color=255,255,255&fit=bounds",887,-1,Furnishing Home Needs,Hum Mart
103,Duracell Aaa2 Size Battery,https://hummart.com/duracell-aaa2-size-battery-2-pcs.html,"https://hummart.com/media/catalog/product/h/t/httpphpstack-143539-415191.cloudwaysapps.commedia5000394004252.jpg?width=300&height=300&canvas=300:300&quality=80&bg-color=255,255,255&fit=bounds",133,-1,Furnishing Home Needs,Hum Mart
104,Eveready Super Heavy Duty Aa,https://hummart.com/eveready-super-heavy-duty-aa-4-pcs.html,"https://hummart.com/media/catalog/product/h/t/httpphpstack-143539-415191.cloudwaysapps.commedia6223001580256.jpg?width=300&height=300&canvas=300:300&quality=80&bg-color=255,255,255&fit=bounds",130,-1,Furnishing Home Needs,Hum Mart
105,Energizer Max + Powerseal Aa,https://hummart.com/energizer-max-powerseal-aa-2-pcs.html,"https://hummart.com/media/catalog/product/h/t/httpphpstack-143539-415191.cloudwaysapps.commedia8888021205107.jpg?width=300&height=300&canvas=300:300&quality=80&bg-color=255,255,255&fit=bounds",220,-1,Furnishing Home Needs,Hum Mart
106,Eveready Heavyduty Aaa,https://hummart.com/eveready-heavyduty-aaa-x-20-10-pcs.html,"https://hummart.com/media/catalog/product/h/t/httpphpstack-143539-415191.cloudwaysapps.commedia8999002671726.jpg?width=300&height=300&canvas=300:300&quality=80&bg-color=255,255,255&fit=bounds",320,-1,Furnishing Home Needs,Hum Mart
107,Energizer 2025 3V Lithium Battery,https://hummart.com/energizer-2025-3v-lithium-battery-1-card.html,"https://hummart.com/media/catalog/product/h/t/httpphpstack-143539-415191.cloudwaysapps.commedia8888021301755.jpg?width=300&height=300&canvas=300:300&quality=80&bg-color=255,255,255&fit=bounds",86,-1,Furnishing Home Needs,Hum Mart
108,Eveready Heavyduty Aa,https://hummart.com/eveready-heavyduty-aa-1-piece.html,"https://hummart.com/media/catalog/product/h/t/httpphpstack-143539-415191.cloudwaysapps.commedia8999002671573.jpg?width=300&height=300&canvas=300:300&quality=80&bg-color=255,255,255&fit=bounds",320,-1,Furnishing Home Needs,Hum Mart
109,Energizer Ultimate Lithium Aa,https://hummart.com/energizer-ultimate-lithium-aa-2-pcs.html,"https://hummart.com/media/catalog/product/h/t/httpphpstack-143539-415191.cloudwaysapps.commedia9312931540380.jpg?width=300&height=300&canvas=300:300&quality=80&bg-color=255,255,255&fit=bounds",610,-1,Furnishing Home Needs,Hum Mart
110,BLC A4 Paper,https://hummart.com/blc-a4-70gm.html,"https://hummart.com/media/catalog/product/h/t/httpphpstack-143539-415191.cloudwaysapps.commedia8991389135921.jpg?width=300&height=300&canvas=300:300&quality=80&bg-color=255,255,255&fit=bounds",585,-1,Furnishing Home Needs,Hum Mart
111,Double A Premium A4 Size Ream 500 Sheets,https://hummart.com/double-a-premium-a4-size-ream-500-sheets-80gm.html,"https://hummart.com/media/catalog/product/h/t/httpphpstack-143539-415191.cloudwaysapps.commedia8856976000016.jpg?width=300&height=300&canvas=300:300&quality=80&bg-color=255,255,255&fit=bounds",730,-1,Furnishing Home Needs,Hum Mart
112,Scissor Small Blue,https://hummart.com/scissor-small-blue-1-piece.html,"https://hummart.com/media/catalog/product/1/1/11027.jpg?width=300&height=300&canvas=300:300&quality=80&bg-color=255,255,255&fit=bounds",59,-1,Furnishing Home Needs,Hum Mart
113,Goldfish Glue Stick,https://hummart.com/goldfish-glue-stick-8gm.html,"https://hummart.com/media/catalog/product/h/t/httpphpstack-143539-415191.cloudwaysapps.commedia1357902468438.jpg?width=300&height=300&canvas=300:300&quality=80&bg-color=255,255,255&fit=bounds",29,-1,Furnishing Home Needs,Hum Mart
114,Goldfish Transparent Ruler 6Inch/15Cm,https://hummart.com/goldfish-transparent-ruler-6inch-15cm-72-pcs.html,"https://hummart.com/media/catalog/product/h/t/httpphpstack-143539-415191.cloudwaysapps.commedia1357902468285.jpg?width=300&height=300&canvas=300:300&quality=80&bg-color=255,255,255&fit=bounds",499,-1,Furnishing Home Needs,Hum Mart
115,Picasso Permenant Marker Black Ink,https://hummart.com/picasso-permenant-marker-black-ink-1-piece.html,"https://hummart.com/media/catalog/product/h/t/httpphpstack-143539-415191.cloudwaysapps.commedia1223250001255.jpg?width=300&height=300&canvas=300:300&quality=80&bg-color=255,255,255&fit=bounds",30,-1,Furnishing Home Needs,Hum Mart
116,Picasso Permenant Marker Black Box,https://hummart.com/picasso-permenant-marker-black-box-12-pcs.html,"https://hummart.com/media/catalog/product/h/t/httpphpstack-143539-415191.cloudwaysapps.commedia1223250000838.jpg?width=300&height=300&canvas=300:300&quality=80&bg-color=255,255,255&fit=bounds",282,-1,Furnishing Home Needs,Hum Mart
117,Picasso Oria Red Ball Point,https://hummart.com/picasso-oria-red-ball-point-10-pcs.html,"https://hummart.com/media/catalog/product/h/t/httpphpstack-143539-415191.cloudwaysapps.commedia1223250000210.jpg?width=300&height=300&canvas=300:300&quality=80&bg-color=255,255,255&fit=bounds",86,-1,Furnishing Home Needs,Hum Mart
118,Picasso Grip Ball Point Blue,https://hummart.com/picasso-grip-ball-point-blue-10-pcs.html,"https://hummart.com/media/catalog/product/h/t/httpphpstack-143539-415191.cloudwaysapps.commedia1223243000388.jpg?width=300&height=300&canvas=300:300&quality=80&bg-color=255,255,255&fit=bounds",76,-1,Furnishing Home Needs,Hum Mart
119,Picasso Correction Pen,https://hummart.com/picasso-correction-pen-1-piece.html,"https://hummart.com/media/catalog/product/h/t/httpphpstack-143539-415191.cloudwaysapps.commedia1223250000470.jpg?width=300&height=300&canvas=300:300&quality=80&bg-color=255,255,255&fit=bounds",30,-1,Furnishing Home Needs,Hum Mart
